sep=;
time;model_id;model_name;port_name;data
0;1;(2,3);;<0>
0;2;(18,13);;<0>
0;3;(2,2);;<0>
0;4;(12,0);;<0>
0;5;(2,17);;<0>
0;6;(2,15);;<0>
0;7;(2,13);;<0>
0;8;(2,1);;<0>
0;9;(1,8);;<0>
0;10;(1,7);;<0>
0;11;(13,13);;<0>
0;12;(5,10);;<0>
0;13;(1,6);;<0>
0;14;(1,4);;<0>
0;15;(1,16);;<0>
0;16;(3,13);;<0>
0;17;(1,15);;<0>
0;18;(3,19);;<0>
0;19;(5,16);;<0>
0;20;(2,5);;<0>
0;21;(19,15);;<0>
0;22;(16,5);;<0>
0;23;(1,14);;<0>
0;24;(1,13);;<0>
0;25;(1,9);;<0>
0;26;(19,9);;<0>
0;27;(0,6);;<0>
0;28;(7,9);;<0>
0;29;(19,7);;<0>
0;30;(0,1);;<0>
0;31;(4,10);;<0>
0;32;(19,2);;<0>
0;33;(19,18);;<0>
0;34;(19,16);;<0>
0;35;(19,4);;<0>
0;36;(19,12);;<0>
0;37;(19,17);;<0>
0;38;(19,11);;<0>
0;39;(19,0);;<0>
0;40;(2,12);;<0>
0;41;(18,8);;<0>
0;42;(11,0);;<0>
0;43;(18,6);;<0>
0;44;(11,16);;<0>
0;45;(0,15);;<0>
0;46;(5,1);;<0>
0;47;(2,16);;<0>
0;48;(18,19);;<0>
0;49;(7,13);;<0>
0;50;(19,10);;<0>
0;51;(18,16);;<0>
0;52;(16,3);;<0>
0;53;(4,14);;<0>
0;54;(18,12);;<0>
0;55;(17,19);;<0>
0;56;(10,0);;<0>
0;57;(14,3);;<0>
0;58;(1,0);;<0>
0;59;(18,0);;<0>
0;60;(8,19);;<0>
0;61;(17,8);;<0>
0;62;(14,1);;<0>
0;63;(9,11);;<0>
0;64;(17,5);;<0>
0;65;(17,6);;<0>
0;66;(17,3);;<0>
0;67;(18,5);;<0>
0;68;(17,2);;<0>
0;69;(15,1);;<0>
0;70;(4,8);;<0>
0;71;(17,18);;<0>
0;72;(4,6);;<0>
0;73;(7,12);;<0>
0;74;(17,17);;<0>
0;75;(17,16);;<0>
0;76;(1,19);;<0>
0;77;(19,13);;<0>
0;78;(17,15);;<0>
0;79;(17,13);;<0>
0;80;(3,7);;<0>
0;81;(17,10);;<0>
0;82;(9,16);;<0>
0;83;(16,9);;<0>
0;84;(8,11);;<0>
0;85;(16,8);;<0>
0;86;(16,7);;<0>
0;87;(18,18);;<0>
0;88;(6,8);;<0>
0;89;(16,6);;<0>
0;90;(16,4);;<0>
0;91;(3,8);;<0>
0;92;(8,13);;<0>
0;93;(16,18);;<0>
0;94;(16,17);;<0>
0;95;(11,17);;<0>
0;96;(16,14);;<0>
0;97;(16,10);;<0>
0;98;(2,14);;<0>
0;99;(16,13);;<0>
0;100;(16,1);;<0>
0;101;(6,5);;<0>
0;102;(16,0);;<0>
0;103;(6,3);;<0>
0;104;(15,9);;<0>
0;105;(15,8);;<0>
0;106;(15,3);;<0>
0;107;(15,7);;<0>
0;108;(18,10);;<0>
0;109;(4,15);;<0>
0;110;(15,6);;<0>
0;111;(11,18);;<0>
0;112;(18,1);;<0>
0;113;(15,2);;<0>
0;114;(15,19);;<0>
0;115;(14,2);;<0>
0;116;(15,16);;<0>
0;117;(18,7);;<0>
0;118;(15,14);;<0>
0;119;(11,6);;<0>
0;120;(19,19);;<0>
0;121;(1,11);;<0>
0;122;(0,8);;<0>
0;123;(14,16);;<0>
0;124;(0,0);;<0>
0;125;(1,17);;<0>
0;126;(12,2);;<0>
0;127;(7,0);;<0>
0;128;(11,2);;<0>
0;129;(1,10);;<0>
0;130;(18,3);;<0>
0;131;(11,14);;<0>
0;132;(11,5);;<0>
0;133;(15,12);;<0>
0;134;(0,16);;<0>
0;135;(17,4);;<0>
0;136;(7,14);;<0>
0;137;(16,16);;<0>
0;138;(11,11);;<0>
0;139;(12,4);;<0>
0;140;(12,17);;<0>
0;141;(17,14);;<0>
0;142;(13,14);;<0>
0;143;(13,9);;<0>
0;144;(14,11);;<0>
0;145;(3,17);;<0>
0;146;(13,11);;<0>
0;147;(13,16);;<0>
0;148;(13,5);;<0>
0;149;(14,4);;<0>
0;150;(17,0);;<0>
0;151;(13,8);;<0>
0;152;(13,3);;<0>
0;153;(18,11);;<0>
0;154;(13,7);;<0>
0;155;(12,1);;<0>
0;156;(6,14);;<0>
0;157;(14,15);;<0>
0;158;(2,0);;<0>
0;159;(4,7);;<0>
0;160;(0,9);;<0>
0;161;(9,8);;<0>
0;162;(14,18);;<0>
0;163;(14,19);;<0>
0;164;(14,5);;<0>
0;165;(4,4);;<0>
0;166;(10,10);;<0>
0;167;(16,2);;<0>
0;168;(9,5);;<0>
0;169;(10,13);;<0>
0;170;(6,13);;<0>
0;171;(2,6);;<0>
0;172;(14,9);;<0>
0;173;(4,16);;<0>
0;174;(15,10);;<0>
0;175;(3,11);;<0>
0;176;(3,14);;<0>
0;177;(3,16);;<0>
0;178;(0,19);;<0>
0;179;(3,18);;<0>
0;180;(5,15);;<0>
0;181;(3,3);;<0>
0;182;(19,1);;<0>
0;183;(3,4);;<0>
0;184;(9,10);;<0>
0;185;(15,0);;<0>
0;186;(2,7);;<0>
0;187;(4,13);;<0>
0;188;(4,17);;<0>
0;189;(4,18);;<0>
0;190;(10,3);;<0>
0;191;(8,6);;<0>
0;192;(6,17);;<0>
0;193;(7,2);;<0>
0;194;(19,8);;<0>
0;195;(4,11);;<0>
0;196;(13,15);;<0>
0;197;(18,14);;<0>
0;198;(5,2);;<0>
0;199;(7,10);;<0>
0;200;(0,2);;<0>
0;201;(5,7);;<0>
0;202;(5,4);;<0>
0;203;(3,10);;<0>
0;204;(7,7);;<0>
0;205;(7,4);;<0>
0;206;(8,0);;<0>
0;207;(7,11);;<0>
0;208;(8,10);;<0>
0;209;(8,14);;<0>
0;210;(8,18);;<0>
0;211;(8,8);;<0>
0;212;(4,12);;<0>
0;213;(5,13);;<0>
0;214;(6,15);;<0>
0;215;(5,8);;<0>
0;216;(13,12);;<0>
0;217;(9,3);;<0>
0;218;(3,0);;<0>
0;219;(8,9);;<0>
0;220;(5,14);;<0>
0;221;(5,5);;<1>
0;222;(12,9);;<0>
0;223;(17,12);;<0>
0;224;(8,16);;<0>
0;225;(18,2);;<0>
0;226;(9,9);;<0>
0;227;(8,12);;<0>
0;228;(2,9);;<0>
0;229;(16,11);;<0>
0;230;(18,9);;<0>
0;231;(7,15);;<0>
0;232;(7,18);;<0>
0;233;(6,4);;<0>
0;234;(7,5);;<0>
0;235;(9,6);;<0>
0;236;(9,19);;<0>
0;237;(7,8);;<0>
0;238;(14,8);;<0>
0;239;(8,1);;<0>
0;240;(9,17);;<0>
0;241;(11,3);;<0>
0;242;(14,0);;<0>
0;243;(9,1);;<0>
0;244;(8,4);;<0>
0;245;(6,6);;<0>
0;246;(3,1);;<0>
0;247;(7,17);;<0>
0;248;(8,2);;<0>
0;249;(9,12);;<0>
0;250;(7,1);;<0>
0;251;(15,15);;<0>
0;252;(6,11);;<0>
0;253;(7,3);;<0>
0;254;(5,17);;<0>
0;255;(9,2);;<0>
0;256;(3,12);;<0>
0;257;(6,7);;<0>
0;258;(3,6);;<0>
0;259;(6,10);;<0>
0;260;(6,1);;<0>
0;261;(4,2);;<0>
0;262;(2,18);;<0>
0;263;(5,11);;<0>
0;264;(5,3);;<0>
0;265;(8,3);;<0>
0;266;(6,18);;<0>
0;267;(5,9);;<0>
0;268;(13,17);;<0>
0;269;(3,2);;<0>
0;270;(9,4);;<0>
0;271;(11,13);;<0>
0;272;(6,19);;<0>
0;273;(6,16);;<0>
0;274;(2,8);;<0>
0;275;(12,8);;<0>
0;276;(17,1);;<0>
0;277;(4,3);;<0>
0;278;(5,19);;<0>
0;279;(3,5);;<0>
0;280;(5,18);;<0>
0;281;(10,12);;<0>
0;282;(4,19);;<0>
0;283;(7,19);;<0>
0;284;(12,6);;<0>
0;285;(12,19);;<0>
0;286;(1,3);;<0>
0;287;(10,9);;<0>
0;288;(4,1);;<0>
0;289;(15,17);;<0>
0;290;(16,12);;<0>
0;291;(5,0);;<0>
0;292;(9,14);;<0>
0;293;(15,18);;<0>
0;294;(4,9);;<0>
0;295;(2,10);;<0>
0;296;(13,10);;<0>
0;297;(13,0);;<0>
0;298;(14,7);;<0>
0;299;(0,5);;<0>
0;300;(14,14);;<1>
0;301;(9,7);;<0>
0;302;(8,17);;<0>
0;303;(12,18);;<0>
0;304;(10,19);;<0>
0;305;(16,15);;<0>
0;306;(0,10);;<0>
0;307;(11,19);;<0>
0;308;(12,16);;<0>
0;309;(10,8);;<0>
0;310;(5,12);;<0>
0;311;(12,10);;<0>
0;312;(12,14);;<0>
0;313;(1,12);;<0>
0;314;(1,5);;<0>
0;315;(11,9);;<0>
0;316;(14,13);;<0>
0;317;(7,6);;<0>
0;318;(12,3);;<0>
0;319;(9,18);;<0>
0;320;(15,11);;<0>
0;321;(18,15);;<0>
0;322;(13,19);;<0>
0;323;(12,5);;<0>
0;324;(18,17);;<0>
0;325;(7,16);;<0>
0;326;(0,4);;<0>
0;327;(0,12);;<0>
0;328;(4,5);;<0>
0;329;(17,11);;<0>
0;330;(6,9);;<0>
0;331;(2,4);;<0>
0;332;(0,17);;<0>
0;333;(0,18);;<0>
0;334;(11,4);;<0>
0;335;(0,3);;<0>
0;336;(14,12);;<0>
0;337;(19,6);;<0>
0;338;(11,7);;<0>
0;339;(1,1);;<0>
0;340;(1,18);;<0>
0;341;(13,1);;<0>
0;342;(0,7);;<0>
0;343;(9,0);;<0>
0;344;(0,11);;<0>
0;345;(3,15);;<0>
0;346;(10,16);;<0>
0;347;(8,7);;<0>
0;348;(10,7);;<0>
0;349;(9,13);;<0>
0;350;(6,12);;<0>
0;351;(14,17);;<0>
0;352;(13,2);;<0>
0;353;(2,11);;<0>
0;354;(11,12);;<0>
0;355;(3,9);;<0>
0;356;(6,2);;<0>
0;357;(5,6);;<0>
0;358;(12,12);;<0>
0;359;(16,19);;<0>
0;360;(19,14);;<0>
0;361;(11,10);;<0>
0;362;(17,9);;<0>
0;363;(0,13);;<0>
0;364;(14,6);;<0>
0;365;(12,15);;<0>
0;366;(0,14);;<0>
0;367;(12,7);;<0>
0;368;(13,4);;<0>
0;369;(13,6);;<0>
0;370;(15,4);;<0>
0;371;(10,17);;<0>
0;372;(10,5);;<0>
0;373;(10,18);;<0>
0;374;(13,18);;<0>
0;375;(15,13);;<0>
0;376;(12,13);;<0>
0;377;(17,7);;<0>
0;378;(19,3);;<0>
0;379;(8,15);;<0>
0;380;(10,2);;<0>
0;381;(10,15);;<0>
0;382;(10,4);;<0>
0;383;(10,1);;<0>
0;384;(4,0);;<0>
0;385;(11,8);;<0>
0;386;(10,11);;<0>
0;387;(10,6);;<0>
0;388;(11,1);;<0>
0;389;(15,5);;<0>
0;390;(19,5);;<0>
0;391;(6,0);;<0>
0;392;(11,15);;<0>
0;393;(9,15);;<0>
0;394;(2,19);;<0>
0;395;(12,11);;<0>
0;396;(18,4);;<0>
0;397;(10,14);;<0>
0;398;(1,2);;<0>
0;399;(8,5);;<0>
0;400;(14,10);;<0>
0;1;(2,3);outputNeighborhood;<0>
0;1;(2,3);;<0>
0;2;(18,13);outputNeighborhood;<0>
0;2;(18,13);;<0>
0;3;(2,2);outputNeighborhood;<0>
0;3;(2,2);;<0>
0;4;(12,0);outputNeighborhood;<0>
0;4;(12,0);;<0>
0;5;(2,17);outputNeighborhood;<0>
0;5;(2,17);;<0>
0;6;(2,15);outputNeighborhood;<0>
0;6;(2,15);;<0>
0;7;(2,13);outputNeighborhood;<0>
0;7;(2,13);;<0>
0;8;(2,1);outputNeighborhood;<0>
0;8;(2,1);;<0>
0;9;(1,8);outputNeighborhood;<0>
0;9;(1,8);;<0>
0;10;(1,7);outputNeighborhood;<0>
0;10;(1,7);;<0>
0;11;(13,13);outputNeighborhood;<0>
0;11;(13,13);;<0>
0;12;(5,10);outputNeighborhood;<0>
0;12;(5,10);;<0>
0;13;(1,6);outputNeighborhood;<0>
0;13;(1,6);;<0>
0;14;(1,4);outputNeighborhood;<0>
0;14;(1,4);;<0>
0;15;(1,16);outputNeighborhood;<0>
0;15;(1,16);;<0>
0;16;(3,13);outputNeighborhood;<0>
0;16;(3,13);;<0>
0;17;(1,15);outputNeighborhood;<0>
0;17;(1,15);;<0>
0;18;(3,19);outputNeighborhood;<0>
0;18;(3,19);;<0>
0;19;(5,16);outputNeighborhood;<0>
0;19;(5,16);;<0>
0;20;(2,5);outputNeighborhood;<0>
0;20;(2,5);;<0>
0;21;(19,15);outputNeighborhood;<0>
0;21;(19,15);;<0>
0;22;(16,5);outputNeighborhood;<0>
0;22;(16,5);;<0>
0;23;(1,14);outputNeighborhood;<0>
0;23;(1,14);;<0>
0;24;(1,13);outputNeighborhood;<0>
0;24;(1,13);;<0>
0;25;(1,9);outputNeighborhood;<0>
0;25;(1,9);;<0>
0;26;(19,9);outputNeighborhood;<0>
0;26;(19,9);;<0>
0;27;(0,6);outputNeighborhood;<0>
0;27;(0,6);;<0>
0;28;(7,9);outputNeighborhood;<0>
0;28;(7,9);;<0>
0;29;(19,7);outputNeighborhood;<0>
0;29;(19,7);;<0>
0;30;(0,1);outputNeighborhood;<0>
0;30;(0,1);;<0>
0;31;(4,10);outputNeighborhood;<0>
0;31;(4,10);;<0>
0;32;(19,2);outputNeighborhood;<0>
0;32;(19,2);;<0>
0;33;(19,18);outputNeighborhood;<0>
0;33;(19,18);;<0>
0;34;(19,16);outputNeighborhood;<0>
0;34;(19,16);;<0>
0;35;(19,4);outputNeighborhood;<0>
0;35;(19,4);;<0>
0;36;(19,12);outputNeighborhood;<0>
0;36;(19,12);;<0>
0;37;(19,17);outputNeighborhood;<0>
0;37;(19,17);;<0>
0;38;(19,11);outputNeighborhood;<0>
0;38;(19,11);;<0>
0;39;(19,0);outputNeighborhood;<0>
0;39;(19,0);;<0>
0;40;(2,12);outputNeighborhood;<0>
0;40;(2,12);;<0>
0;41;(18,8);outputNeighborhood;<0>
0;41;(18,8);;<0>
0;42;(11,0);outputNeighborhood;<0>
0;42;(11,0);;<0>
0;43;(18,6);outputNeighborhood;<0>
0;43;(18,6);;<0>
0;44;(11,16);outputNeighborhood;<0>
0;44;(11,16);;<0>
0;45;(0,15);outputNeighborhood;<0>
0;45;(0,15);;<0>
0;46;(5,1);outputNeighborhood;<0>
0;46;(5,1);;<0>
0;47;(2,16);outputNeighborhood;<0>
0;47;(2,16);;<0>
0;48;(18,19);outputNeighborhood;<0>
0;48;(18,19);;<0>
0;49;(7,13);outputNeighborhood;<0>
0;49;(7,13);;<0>
0;50;(19,10);outputNeighborhood;<0>
0;50;(19,10);;<0>
0;51;(18,16);outputNeighborhood;<0>
0;51;(18,16);;<0>
0;52;(16,3);outputNeighborhood;<0>
0;52;(16,3);;<0>
0;53;(4,14);outputNeighborhood;<0>
0;53;(4,14);;<0>
0;54;(18,12);outputNeighborhood;<0>
0;54;(18,12);;<0>
0;55;(17,19);outputNeighborhood;<0>
0;55;(17,19);;<0>
0;56;(10,0);outputNeighborhood;<0>
0;56;(10,0);;<0>
0;57;(14,3);outputNeighborhood;<0>
0;57;(14,3);;<0>
0;58;(1,0);outputNeighborhood;<0>
0;58;(1,0);;<0>
0;59;(18,0);outputNeighborhood;<0>
0;59;(18,0);;<0>
0;60;(8,19);outputNeighborhood;<0>
0;60;(8,19);;<0>
0;61;(17,8);outputNeighborhood;<0>
0;61;(17,8);;<0>
0;62;(14,1);outputNeighborhood;<0>
0;62;(14,1);;<0>
0;63;(9,11);outputNeighborhood;<0>
0;63;(9,11);;<0>
0;64;(17,5);outputNeighborhood;<0>
0;64;(17,5);;<0>
0;65;(17,6);outputNeighborhood;<0>
0;65;(17,6);;<0>
0;66;(17,3);outputNeighborhood;<0>
0;66;(17,3);;<0>
0;67;(18,5);outputNeighborhood;<0>
0;67;(18,5);;<0>
0;68;(17,2);outputNeighborhood;<0>
0;68;(17,2);;<0>
0;69;(15,1);outputNeighborhood;<0>
0;69;(15,1);;<0>
0;70;(4,8);outputNeighborhood;<0>
0;70;(4,8);;<0>
0;71;(17,18);outputNeighborhood;<0>
0;71;(17,18);;<0>
0;72;(4,6);outputNeighborhood;<0>
0;72;(4,6);;<0>
0;73;(7,12);outputNeighborhood;<0>
0;73;(7,12);;<0>
0;74;(17,17);outputNeighborhood;<0>
0;74;(17,17);;<0>
0;75;(17,16);outputNeighborhood;<0>
0;75;(17,16);;<0>
0;76;(1,19);outputNeighborhood;<0>
0;76;(1,19);;<0>
0;77;(19,13);outputNeighborhood;<0>
0;77;(19,13);;<0>
0;78;(17,15);outputNeighborhood;<0>
0;78;(17,15);;<0>
0;79;(17,13);outputNeighborhood;<0>
0;79;(17,13);;<0>
0;80;(3,7);outputNeighborhood;<0>
0;80;(3,7);;<0>
0;81;(17,10);outputNeighborhood;<0>
0;81;(17,10);;<0>
0;82;(9,16);outputNeighborhood;<0>
0;82;(9,16);;<0>
0;83;(16,9);outputNeighborhood;<0>
0;83;(16,9);;<0>
0;84;(8,11);outputNeighborhood;<0>
0;84;(8,11);;<0>
0;85;(16,8);outputNeighborhood;<0>
0;85;(16,8);;<0>
0;86;(16,7);outputNeighborhood;<0>
0;86;(16,7);;<0>
0;87;(18,18);outputNeighborhood;<0>
0;87;(18,18);;<0>
0;88;(6,8);outputNeighborhood;<0>
0;88;(6,8);;<0>
0;89;(16,6);outputNeighborhood;<0>
0;89;(16,6);;<0>
0;90;(16,4);outputNeighborhood;<0>
0;90;(16,4);;<0>
0;91;(3,8);outputNeighborhood;<0>
0;91;(3,8);;<0>
0;92;(8,13);outputNeighborhood;<0>
0;92;(8,13);;<0>
0;93;(16,18);outputNeighborhood;<0>
0;93;(16,18);;<0>
0;94;(16,17);outputNeighborhood;<0>
0;94;(16,17);;<0>
0;95;(11,17);outputNeighborhood;<0>
0;95;(11,17);;<0>
0;96;(16,14);outputNeighborhood;<0>
0;96;(16,14);;<0>
0;97;(16,10);outputNeighborhood;<0>
0;97;(16,10);;<0>
0;98;(2,14);outputNeighborhood;<0>
0;98;(2,14);;<0>
0;99;(16,13);outputNeighborhood;<0>
0;99;(16,13);;<0>
0;100;(16,1);outputNeighborhood;<0>
0;100;(16,1);;<0>
0;101;(6,5);outputNeighborhood;<0>
0;101;(6,5);;<1>
0;102;(16,0);outputNeighborhood;<0>
0;102;(16,0);;<0>
0;103;(6,3);outputNeighborhood;<0>
0;103;(6,3);;<0>
0;104;(15,9);outputNeighborhood;<0>
0;104;(15,9);;<0>
0;105;(15,8);outputNeighborhood;<0>
0;105;(15,8);;<0>
0;106;(15,3);outputNeighborhood;<0>
0;106;(15,3);;<0>
0;107;(15,7);outputNeighborhood;<0>
0;107;(15,7);;<0>
0;108;(18,10);outputNeighborhood;<0>
0;108;(18,10);;<0>
0;109;(4,15);outputNeighborhood;<0>
0;109;(4,15);;<0>
0;110;(15,6);outputNeighborhood;<0>
0;110;(15,6);;<0>
0;111;(11,18);outputNeighborhood;<0>
0;111;(11,18);;<0>
0;112;(18,1);outputNeighborhood;<0>
0;112;(18,1);;<0>
0;113;(15,2);outputNeighborhood;<0>
0;113;(15,2);;<0>
0;114;(15,19);outputNeighborhood;<0>
0;114;(15,19);;<0>
0;115;(14,2);outputNeighborhood;<0>
0;115;(14,2);;<0>
0;116;(15,16);outputNeighborhood;<0>
0;116;(15,16);;<0>
0;117;(18,7);outputNeighborhood;<0>
0;117;(18,7);;<0>
0;118;(15,14);outputNeighborhood;<0>
0;118;(15,14);;<1>
0;119;(11,6);outputNeighborhood;<0>
0;119;(11,6);;<0>
0;120;(19,19);outputNeighborhood;<0>
0;120;(19,19);;<0>
0;121;(1,11);outputNeighborhood;<0>
0;121;(1,11);;<0>
0;122;(0,8);outputNeighborhood;<0>
0;122;(0,8);;<0>
0;123;(14,16);outputNeighborhood;<0>
0;123;(14,16);;<0>
0;124;(0,0);outputNeighborhood;<0>
0;124;(0,0);;<0>
0;125;(1,17);outputNeighborhood;<0>
0;125;(1,17);;<0>
0;126;(12,2);outputNeighborhood;<0>
0;126;(12,2);;<0>
0;127;(7,0);outputNeighborhood;<0>
0;127;(7,0);;<0>
0;128;(11,2);outputNeighborhood;<0>
0;128;(11,2);;<0>
0;129;(1,10);outputNeighborhood;<0>
0;129;(1,10);;<0>
0;130;(18,3);outputNeighborhood;<0>
0;130;(18,3);;<0>
0;131;(11,14);outputNeighborhood;<0>
0;131;(11,14);;<0>
0;132;(11,5);outputNeighborhood;<0>
0;132;(11,5);;<0>
0;133;(15,12);outputNeighborhood;<0>
0;133;(15,12);;<0>
0;134;(0,16);outputNeighborhood;<0>
0;134;(0,16);;<0>
0;135;(17,4);outputNeighborhood;<0>
0;135;(17,4);;<0>
0;136;(7,14);outputNeighborhood;<0>
0;136;(7,14);;<0>
0;137;(16,16);outputNeighborhood;<0>
0;137;(16,16);;<0>
0;138;(11,11);outputNeighborhood;<0>
0;138;(11,11);;<0>
0;139;(12,4);outputNeighborhood;<0>
0;139;(12,4);;<0>
0;140;(12,17);outputNeighborhood;<0>
0;140;(12,17);;<0>
0;141;(17,14);outputNeighborhood;<0>
0;141;(17,14);;<0>
0;142;(13,14);outputNeighborhood;<0>
0;142;(13,14);;<1>
0;143;(13,9);outputNeighborhood;<0>
0;143;(13,9);;<0>
0;144;(14,11);outputNeighborhood;<0>
0;144;(14,11);;<0>
0;145;(3,17);outputNeighborhood;<0>
0;145;(3,17);;<0>
0;146;(13,11);outputNeighborhood;<0>
0;146;(13,11);;<0>
0;147;(13,16);outputNeighborhood;<0>
0;147;(13,16);;<0>
0;148;(13,5);outputNeighborhood;<0>
0;148;(13,5);;<0>
0;149;(14,4);outputNeighborhood;<0>
0;149;(14,4);;<0>
0;150;(17,0);outputNeighborhood;<0>
0;150;(17,0);;<0>
0;151;(13,8);outputNeighborhood;<0>
0;151;(13,8);;<0>
0;152;(13,3);outputNeighborhood;<0>
0;152;(13,3);;<0>
0;153;(18,11);outputNeighborhood;<0>
0;153;(18,11);;<0>
0;154;(13,7);outputNeighborhood;<0>
0;154;(13,7);;<0>
0;155;(12,1);outputNeighborhood;<0>
0;155;(12,1);;<0>
0;156;(6,14);outputNeighborhood;<0>
0;156;(6,14);;<0>
0;157;(14,15);outputNeighborhood;<0>
0;157;(14,15);;<1>
0;158;(2,0);outputNeighborhood;<0>
0;158;(2,0);;<0>
0;159;(4,7);outputNeighborhood;<0>
0;159;(4,7);;<0>
0;160;(0,9);outputNeighborhood;<0>
0;160;(0,9);;<0>
0;161;(9,8);outputNeighborhood;<0>
0;161;(9,8);;<0>
0;162;(14,18);outputNeighborhood;<0>
0;162;(14,18);;<0>
0;163;(14,19);outputNeighborhood;<0>
0;163;(14,19);;<0>
0;164;(14,5);outputNeighborhood;<0>
0;164;(14,5);;<0>
0;165;(4,4);outputNeighborhood;<0>
0;165;(4,4);;<0>
0;166;(10,10);outputNeighborhood;<0>
0;166;(10,10);;<0>
0;167;(16,2);outputNeighborhood;<0>
0;167;(16,2);;<0>
0;168;(9,5);outputNeighborhood;<0>
0;168;(9,5);;<0>
0;169;(10,13);outputNeighborhood;<0>
0;169;(10,13);;<0>
0;170;(6,13);outputNeighborhood;<0>
0;170;(6,13);;<0>
0;171;(2,6);outputNeighborhood;<0>
0;171;(2,6);;<0>
0;172;(14,9);outputNeighborhood;<0>
0;172;(14,9);;<0>
0;173;(4,16);outputNeighborhood;<0>
0;173;(4,16);;<0>
0;174;(15,10);outputNeighborhood;<0>
0;174;(15,10);;<0>
0;175;(3,11);outputNeighborhood;<0>
0;175;(3,11);;<0>
0;176;(3,14);outputNeighborhood;<0>
0;176;(3,14);;<0>
0;177;(3,16);outputNeighborhood;<0>
0;177;(3,16);;<0>
0;178;(0,19);outputNeighborhood;<0>
0;178;(0,19);;<0>
0;179;(3,18);outputNeighborhood;<0>
0;179;(3,18);;<0>
0;180;(5,15);outputNeighborhood;<0>
0;180;(5,15);;<0>
0;181;(3,3);outputNeighborhood;<0>
0;181;(3,3);;<0>
0;182;(19,1);outputNeighborhood;<0>
0;182;(19,1);;<0>
0;183;(3,4);outputNeighborhood;<0>
0;183;(3,4);;<0>
0;184;(9,10);outputNeighborhood;<0>
0;184;(9,10);;<0>
0;185;(15,0);outputNeighborhood;<0>
0;185;(15,0);;<0>
0;186;(2,7);outputNeighborhood;<0>
0;186;(2,7);;<0>
0;187;(4,13);outputNeighborhood;<0>
0;187;(4,13);;<0>
0;188;(4,17);outputNeighborhood;<0>
0;188;(4,17);;<0>
0;189;(4,18);outputNeighborhood;<0>
0;189;(4,18);;<0>
0;190;(10,3);outputNeighborhood;<0>
0;190;(10,3);;<0>
0;191;(8,6);outputNeighborhood;<0>
0;191;(8,6);;<0>
0;192;(6,17);outputNeighborhood;<0>
0;192;(6,17);;<0>
0;193;(7,2);outputNeighborhood;<0>
0;193;(7,2);;<0>
0;194;(19,8);outputNeighborhood;<0>
0;194;(19,8);;<0>
0;195;(4,11);outputNeighborhood;<0>
0;195;(4,11);;<0>
0;196;(13,15);outputNeighborhood;<0>
0;196;(13,15);;<0>
0;197;(18,14);outputNeighborhood;<0>
0;197;(18,14);;<0>
0;198;(5,2);outputNeighborhood;<0>
0;198;(5,2);;<0>
0;199;(7,10);outputNeighborhood;<0>
0;199;(7,10);;<0>
0;200;(0,2);outputNeighborhood;<0>
0;200;(0,2);;<0>
0;201;(5,7);outputNeighborhood;<0>
0;201;(5,7);;<0>
0;202;(5,4);outputNeighborhood;<0>
0;202;(5,4);;<1>
0;203;(3,10);outputNeighborhood;<0>
0;203;(3,10);;<0>
0;204;(7,7);outputNeighborhood;<0>
0;204;(7,7);;<0>
0;205;(7,4);outputNeighborhood;<0>
0;205;(7,4);;<0>
0;206;(8,0);outputNeighborhood;<0>
0;206;(8,0);;<0>
0;207;(7,11);outputNeighborhood;<0>
0;207;(7,11);;<0>
0;208;(8,10);outputNeighborhood;<0>
0;208;(8,10);;<0>
0;209;(8,14);outputNeighborhood;<0>
0;209;(8,14);;<0>
0;210;(8,18);outputNeighborhood;<0>
0;210;(8,18);;<0>
0;211;(8,8);outputNeighborhood;<0>
0;211;(8,8);;<0>
0;212;(4,12);outputNeighborhood;<0>
0;212;(4,12);;<0>
0;213;(5,13);outputNeighborhood;<0>
0;213;(5,13);;<0>
0;214;(6,15);outputNeighborhood;<0>
0;214;(6,15);;<0>
0;215;(5,8);outputNeighborhood;<0>
0;215;(5,8);;<0>
0;216;(13,12);outputNeighborhood;<0>
0;216;(13,12);;<0>
0;217;(9,3);outputNeighborhood;<0>
0;217;(9,3);;<0>
0;218;(3,0);outputNeighborhood;<0>
0;218;(3,0);;<0>
0;219;(8,9);outputNeighborhood;<0>
0;219;(8,9);;<0>
0;220;(5,14);outputNeighborhood;<0>
0;220;(5,14);;<0>
0;221;(5,5);outputNeighborhood;<1>
0;221;(5,5);;<1>
0;222;(12,9);outputNeighborhood;<0>
0;222;(12,9);;<0>
0;223;(17,12);outputNeighborhood;<0>
0;223;(17,12);;<0>
0;224;(8,16);outputNeighborhood;<0>
0;224;(8,16);;<0>
0;225;(18,2);outputNeighborhood;<0>
0;225;(18,2);;<0>
0;226;(9,9);outputNeighborhood;<0>
0;226;(9,9);;<0>
0;227;(8,12);outputNeighborhood;<0>
0;227;(8,12);;<0>
0;228;(2,9);outputNeighborhood;<0>
0;228;(2,9);;<0>
0;229;(16,11);outputNeighborhood;<0>
0;229;(16,11);;<0>
0;230;(18,9);outputNeighborhood;<0>
0;230;(18,9);;<0>
0;231;(7,15);outputNeighborhood;<0>
0;231;(7,15);;<0>
0;232;(7,18);outputNeighborhood;<0>
0;232;(7,18);;<0>
0;233;(6,4);outputNeighborhood;<0>
0;233;(6,4);;<0>
0;234;(7,5);outputNeighborhood;<0>
0;234;(7,5);;<0>
0;235;(9,6);outputNeighborhood;<0>
0;235;(9,6);;<0>
0;236;(9,19);outputNeighborhood;<0>
0;236;(9,19);;<0>
0;237;(7,8);outputNeighborhood;<0>
0;237;(7,8);;<0>
0;238;(14,8);outputNeighborhood;<0>
0;238;(14,8);;<0>
0;239;(8,1);outputNeighborhood;<0>
0;239;(8,1);;<0>
0;240;(9,17);outputNeighborhood;<0>
0;240;(9,17);;<0>
0;241;(11,3);outputNeighborhood;<0>
0;241;(11,3);;<0>
0;242;(14,0);outputNeighborhood;<0>
0;242;(14,0);;<0>
0;243;(9,1);outputNeighborhood;<0>
0;243;(9,1);;<0>
0;244;(8,4);outputNeighborhood;<0>
0;244;(8,4);;<0>
0;245;(6,6);outputNeighborhood;<0>
0;245;(6,6);;<0>
0;246;(3,1);outputNeighborhood;<0>
0;246;(3,1);;<0>
0;247;(7,17);outputNeighborhood;<0>
0;247;(7,17);;<0>
0;248;(8,2);outputNeighborhood;<0>
0;248;(8,2);;<0>
0;249;(9,12);outputNeighborhood;<0>
0;249;(9,12);;<0>
0;250;(7,1);outputNeighborhood;<0>
0;250;(7,1);;<0>
0;251;(15,15);outputNeighborhood;<0>
0;251;(15,15);;<0>
0;252;(6,11);outputNeighborhood;<0>
0;252;(6,11);;<0>
0;253;(7,3);outputNeighborhood;<0>
0;253;(7,3);;<0>
0;254;(5,17);outputNeighborhood;<0>
0;254;(5,17);;<0>
0;255;(9,2);outputNeighborhood;<0>
0;255;(9,2);;<0>
0;256;(3,12);outputNeighborhood;<0>
0;256;(3,12);;<0>
0;257;(6,7);outputNeighborhood;<0>
0;257;(6,7);;<0>
0;258;(3,6);outputNeighborhood;<0>
0;258;(3,6);;<0>
0;259;(6,10);outputNeighborhood;<0>
0;259;(6,10);;<0>
0;260;(6,1);outputNeighborhood;<0>
0;260;(6,1);;<0>
0;261;(4,2);outputNeighborhood;<0>
0;261;(4,2);;<0>
0;262;(2,18);outputNeighborhood;<0>
0;262;(2,18);;<0>
0;263;(5,11);outputNeighborhood;<0>
0;263;(5,11);;<0>
0;264;(5,3);outputNeighborhood;<0>
0;264;(5,3);;<0>
0;265;(8,3);outputNeighborhood;<0>
0;265;(8,3);;<0>
0;266;(6,18);outputNeighborhood;<0>
0;266;(6,18);;<0>
0;267;(5,9);outputNeighborhood;<0>
0;267;(5,9);;<0>
0;268;(13,17);outputNeighborhood;<0>
0;268;(13,17);;<0>
0;269;(3,2);outputNeighborhood;<0>
0;269;(3,2);;<0>
0;270;(9,4);outputNeighborhood;<0>
0;270;(9,4);;<0>
0;271;(11,13);outputNeighborhood;<0>
0;271;(11,13);;<0>
0;272;(6,19);outputNeighborhood;<0>
0;272;(6,19);;<0>
0;273;(6,16);outputNeighborhood;<0>
0;273;(6,16);;<0>
0;274;(2,8);outputNeighborhood;<0>
0;274;(2,8);;<0>
0;275;(12,8);outputNeighborhood;<0>
0;275;(12,8);;<0>
0;276;(17,1);outputNeighborhood;<0>
0;276;(17,1);;<0>
0;277;(4,3);outputNeighborhood;<0>
0;277;(4,3);;<0>
0;278;(5,19);outputNeighborhood;<0>
0;278;(5,19);;<0>
0;279;(3,5);outputNeighborhood;<0>
0;279;(3,5);;<0>
0;280;(5,18);outputNeighborhood;<0>
0;280;(5,18);;<0>
0;281;(10,12);outputNeighborhood;<0>
0;281;(10,12);;<0>
0;282;(4,19);outputNeighborhood;<0>
0;282;(4,19);;<0>
0;283;(7,19);outputNeighborhood;<0>
0;283;(7,19);;<0>
0;284;(12,6);outputNeighborhood;<0>
0;284;(12,6);;<0>
0;285;(12,19);outputNeighborhood;<0>
0;285;(12,19);;<0>
0;286;(1,3);outputNeighborhood;<0>
0;286;(1,3);;<0>
0;287;(10,9);outputNeighborhood;<0>
0;287;(10,9);;<0>
0;288;(4,1);outputNeighborhood;<0>
0;288;(4,1);;<0>
0;289;(15,17);outputNeighborhood;<0>
0;289;(15,17);;<0>
0;290;(16,12);outputNeighborhood;<0>
0;290;(16,12);;<0>
0;291;(5,0);outputNeighborhood;<0>
0;291;(5,0);;<0>
0;292;(9,14);outputNeighborhood;<0>
0;292;(9,14);;<0>
0;293;(15,18);outputNeighborhood;<0>
0;293;(15,18);;<0>
0;294;(4,9);outputNeighborhood;<0>
0;294;(4,9);;<0>
0;295;(2,10);outputNeighborhood;<0>
0;295;(2,10);;<0>
0;296;(13,10);outputNeighborhood;<0>
0;296;(13,10);;<0>
0;297;(13,0);outputNeighborhood;<0>
0;297;(13,0);;<0>
0;298;(14,7);outputNeighborhood;<0>
0;298;(14,7);;<0>
0;299;(0,5);outputNeighborhood;<0>
0;299;(0,5);;<0>
0;300;(14,14);outputNeighborhood;<1>
0;300;(14,14);;<1>
0;301;(9,7);outputNeighborhood;<0>
0;301;(9,7);;<0>
0;302;(8,17);outputNeighborhood;<0>
0;302;(8,17);;<0>
0;303;(12,18);outputNeighborhood;<0>
0;303;(12,18);;<0>
0;304;(10,19);outputNeighborhood;<0>
0;304;(10,19);;<0>
0;305;(16,15);outputNeighborhood;<0>
0;305;(16,15);;<0>
0;306;(0,10);outputNeighborhood;<0>
0;306;(0,10);;<0>
0;307;(11,19);outputNeighborhood;<0>
0;307;(11,19);;<0>
0;308;(12,16);outputNeighborhood;<0>
0;308;(12,16);;<0>
0;309;(10,8);outputNeighborhood;<0>
0;309;(10,8);;<0>
0;310;(5,12);outputNeighborhood;<0>
0;310;(5,12);;<0>
0;311;(12,10);outputNeighborhood;<0>
0;311;(12,10);;<0>
0;312;(12,14);outputNeighborhood;<0>
0;312;(12,14);;<0>
0;313;(1,12);outputNeighborhood;<0>
0;313;(1,12);;<0>
0;314;(1,5);outputNeighborhood;<0>
0;314;(1,5);;<0>
0;315;(11,9);outputNeighborhood;<0>
0;315;(11,9);;<0>
0;316;(14,13);outputNeighborhood;<0>
0;316;(14,13);;<1>
0;317;(7,6);outputNeighborhood;<0>
0;317;(7,6);;<0>
0;318;(12,3);outputNeighborhood;<0>
0;318;(12,3);;<0>
0;319;(9,18);outputNeighborhood;<0>
0;319;(9,18);;<0>
0;320;(15,11);outputNeighborhood;<0>
0;320;(15,11);;<0>
0;321;(18,15);outputNeighborhood;<0>
0;321;(18,15);;<0>
0;322;(13,19);outputNeighborhood;<0>
0;322;(13,19);;<0>
0;323;(12,5);outputNeighborhood;<0>
0;323;(12,5);;<0>
0;324;(18,17);outputNeighborhood;<0>
0;324;(18,17);;<0>
0;325;(7,16);outputNeighborhood;<0>
0;325;(7,16);;<0>
0;326;(0,4);outputNeighborhood;<0>
0;326;(0,4);;<0>
0;327;(0,12);outputNeighborhood;<0>
0;327;(0,12);;<0>
0;328;(4,5);outputNeighborhood;<0>
0;328;(4,5);;<1>
0;329;(17,11);outputNeighborhood;<0>
0;329;(17,11);;<0>
0;330;(6,9);outputNeighborhood;<0>
0;330;(6,9);;<0>
0;331;(2,4);outputNeighborhood;<0>
0;331;(2,4);;<0>
0;332;(0,17);outputNeighborhood;<0>
0;332;(0,17);;<0>
0;333;(0,18);outputNeighborhood;<0>
0;333;(0,18);;<0>
0;334;(11,4);outputNeighborhood;<0>
0;334;(11,4);;<0>
0;335;(0,3);outputNeighborhood;<0>
0;335;(0,3);;<0>
0;336;(14,12);outputNeighborhood;<0>
0;336;(14,12);;<0>
0;337;(19,6);outputNeighborhood;<0>
0;337;(19,6);;<0>
0;338;(11,7);outputNeighborhood;<0>
0;338;(11,7);;<0>
0;339;(1,1);outputNeighborhood;<0>
0;339;(1,1);;<0>
0;340;(1,18);outputNeighborhood;<0>
0;340;(1,18);;<0>
0;341;(13,1);outputNeighborhood;<0>
0;341;(13,1);;<0>
0;342;(0,7);outputNeighborhood;<0>
0;342;(0,7);;<0>
0;343;(9,0);outputNeighborhood;<0>
0;343;(9,0);;<0>
0;344;(0,11);outputNeighborhood;<0>
0;344;(0,11);;<0>
0;345;(3,15);outputNeighborhood;<0>
0;345;(3,15);;<0>
0;346;(10,16);outputNeighborhood;<0>
0;346;(10,16);;<0>
0;347;(8,7);outputNeighborhood;<0>
0;347;(8,7);;<0>
0;348;(10,7);outputNeighborhood;<0>
0;348;(10,7);;<0>
0;349;(9,13);outputNeighborhood;<0>
0;349;(9,13);;<0>
0;350;(6,12);outputNeighborhood;<0>
0;350;(6,12);;<0>
0;351;(14,17);outputNeighborhood;<0>
0;351;(14,17);;<0>
0;352;(13,2);outputNeighborhood;<0>
0;352;(13,2);;<0>
0;353;(2,11);outputNeighborhood;<0>
0;353;(2,11);;<0>
0;354;(11,12);outputNeighborhood;<0>
0;354;(11,12);;<0>
0;355;(3,9);outputNeighborhood;<0>
0;355;(3,9);;<0>
0;356;(6,2);outputNeighborhood;<0>
0;356;(6,2);;<0>
0;357;(5,6);outputNeighborhood;<0>
0;357;(5,6);;<1>
0;358;(12,12);outputNeighborhood;<0>
0;358;(12,12);;<0>
0;359;(16,19);outputNeighborhood;<0>
0;359;(16,19);;<0>
0;360;(19,14);outputNeighborhood;<0>
0;360;(19,14);;<0>
0;361;(11,10);outputNeighborhood;<0>
0;361;(11,10);;<0>
0;362;(17,9);outputNeighborhood;<0>
0;362;(17,9);;<0>
0;363;(0,13);outputNeighborhood;<0>
0;363;(0,13);;<0>
0;364;(14,6);outputNeighborhood;<0>
0;364;(14,6);;<0>
0;365;(12,15);outputNeighborhood;<0>
0;365;(12,15);;<0>
0;366;(0,14);outputNeighborhood;<0>
0;366;(0,14);;<0>
0;367;(12,7);outputNeighborhood;<0>
0;367;(12,7);;<0>
0;368;(13,4);outputNeighborhood;<0>
0;368;(13,4);;<0>
0;369;(13,6);outputNeighborhood;<0>
0;369;(13,6);;<0>
0;370;(15,4);outputNeighborhood;<0>
0;370;(15,4);;<0>
0;371;(10,17);outputNeighborhood;<0>
0;371;(10,17);;<0>
0;372;(10,5);outputNeighborhood;<0>
0;372;(10,5);;<0>
0;373;(10,18);outputNeighborhood;<0>
0;373;(10,18);;<0>
0;374;(13,18);outputNeighborhood;<0>
0;374;(13,18);;<0>
0;375;(15,13);outputNeighborhood;<0>
0;375;(15,13);;<0>
0;376;(12,13);outputNeighborhood;<0>
0;376;(12,13);;<0>
0;377;(17,7);outputNeighborhood;<0>
0;377;(17,7);;<0>
0;378;(19,3);outputNeighborhood;<0>
0;378;(19,3);;<0>
0;379;(8,15);outputNeighborhood;<0>
0;379;(8,15);;<0>
0;380;(10,2);outputNeighborhood;<0>
0;380;(10,2);;<0>
0;381;(10,15);outputNeighborhood;<0>
0;381;(10,15);;<0>
0;382;(10,4);outputNeighborhood;<0>
0;382;(10,4);;<0>
0;383;(10,1);outputNeighborhood;<0>
0;383;(10,1);;<0>
0;384;(4,0);outputNeighborhood;<0>
0;384;(4,0);;<0>
0;385;(11,8);outputNeighborhood;<0>
0;385;(11,8);;<0>
0;386;(10,11);outputNeighborhood;<0>
0;386;(10,11);;<0>
0;387;(10,6);outputNeighborhood;<0>
0;387;(10,6);;<0>
0;388;(11,1);outputNeighborhood;<0>
0;388;(11,1);;<0>
0;389;(15,5);outputNeighborhood;<0>
0;389;(15,5);;<0>
0;390;(19,5);outputNeighborhood;<0>
0;390;(19,5);;<0>
0;391;(6,0);outputNeighborhood;<0>
0;391;(6,0);;<0>
0;392;(11,15);outputNeighborhood;<0>
0;392;(11,15);;<0>
0;393;(9,15);outputNeighborhood;<0>
0;393;(9,15);;<0>
0;394;(2,19);outputNeighborhood;<0>
0;394;(2,19);;<0>
0;395;(12,11);outputNeighborhood;<0>
0;395;(12,11);;<0>
0;396;(18,4);outputNeighborhood;<0>
0;396;(18,4);;<0>
0;397;(10,14);outputNeighborhood;<0>
0;397;(10,14);;<0>
0;398;(1,2);outputNeighborhood;<0>
0;398;(1,2);;<0>
0;399;(8,5);outputNeighborhood;<0>
0;399;(8,5);;<0>
0;400;(14,10);outputNeighborhood;<0>
0;400;(14,10);;<0>
100;11;(13,13);;<1>
100;72;(4,6);;<1>
100;96;(16,14);;<1>
100;101;(6,5);outputNeighborhood;<1>
100;101;(6,5);;<1>
100;118;(15,14);outputNeighborhood;<1>
100;118;(15,14);;<1>
100;123;(14,16);;<1>
100;142;(13,14);outputNeighborhood;<1>
100;142;(13,14);;<1>
100;157;(14,15);outputNeighborhood;<1>
100;157;(14,15);;<1>
100;165;(4,4);;<1>
100;196;(13,15);;<1>
100;201;(5,7);;<1>
100;202;(5,4);outputNeighborhood;<1>
100;202;(5,4);;<1>
100;221;(5,5);;<2>
100;233;(6,4);;<1>
100;234;(7,5);;<1>
100;245;(6,6);;<1>
100;251;(15,15);;<1>
100;264;(5,3);;<1>
100;279;(3,5);;<1>
100;300;(14,14);;<2>
100;312;(12,14);;<1>
100;316;(14,13);outputNeighborhood;<1>
100;316;(14,13);;<1>
100;328;(4,5);outputNeighborhood;<1>
100;328;(4,5);;<1>
100;336;(14,12);;<1>
100;357;(5,6);outputNeighborhood;<1>
100;357;(5,6);;<1>
100;375;(15,13);;<1>
200;11;(13,13);outputNeighborhood;<1>
200;11;(13,13);;<1>
200;20;(2,5);;<1>
200;72;(4,6);outputNeighborhood;<1>
200;72;(4,6);;<1>
200;96;(16,14);outputNeighborhood;<1>
200;96;(16,14);;<1>
200;99;(16,13);;<1>
200;101;(6,5);;<2>
200;103;(6,3);;<1>
200;116;(15,16);;<1>
200;118;(15,14);;<2>
200;123;(14,16);outputNeighborhood;<1>
200;123;(14,16);;<1>
200;131;(11,14);;<1>
200;133;(15,12);;<1>
200;141;(17,14);;<1>
200;142;(13,14);;<2>
200;144;(14,11);;<1>
200;147;(13,16);;<1>
200;157;(14,15);;<2>
200;159;(4,7);;<1>
200;165;(4,4);outputNeighborhood;<1>
200;165;(4,4);;<1>
200;183;(3,4);;<1>
200;196;(13,15);outputNeighborhood;<1>
200;196;(13,15);;<1>
200;198;(5,2);;<1>
200;201;(5,7);outputNeighborhood;<1>
200;201;(5,7);;<1>
200;202;(5,4);;<2>
200;205;(7,4);;<1>
200;215;(5,8);;<1>
200;216;(13,12);;<1>
200;221;(5,5);outputNeighborhood;<2>
200;221;(5,5);;<2>
200;233;(6,4);outputNeighborhood;<1>
200;233;(6,4);;<1>
200;234;(7,5);outputNeighborhood;<1>
200;234;(7,5);;<1>
200;245;(6,6);outputNeighborhood;<1>
200;245;(6,6);;<1>
200;251;(15,15);outputNeighborhood;<1>
200;251;(15,15);;<1>
200;257;(6,7);;<1>
200;258;(3,6);;<1>
200;264;(5,3);outputNeighborhood;<1>
200;264;(5,3);;<1>
200;277;(4,3);;<1>
200;279;(3,5);outputNeighborhood;<1>
200;279;(3,5);;<1>
200;300;(14,14);outputNeighborhood;<2>
200;300;(14,14);;<2>
200;305;(16,15);;<1>
200;312;(12,14);outputNeighborhood;<1>
200;312;(12,14);;<1>
200;316;(14,13);;<2>
200;317;(7,6);;<1>
200;328;(4,5);;<2>
200;336;(14,12);outputNeighborhood;<1>
200;336;(14,12);;<1>
200;351;(14,17);;<1>
200;357;(5,6);;<2>
200;365;(12,15);;<1>
200;375;(15,13);outputNeighborhood;<1>
200;375;(15,13);;<1>
200;376;(12,13);;<1>
200;399;(8,5);;<1>
300;11;(13,13);;<2>
300;20;(2,5);outputNeighborhood;<1>
300;20;(2,5);;<1>
300;46;(5,1);;<1>
300;70;(4,8);;<1>
300;72;(4,6);;<2>
300;78;(17,15);;<1>
300;79;(17,13);;<1>
300;80;(3,7);;<1>
300;88;(6,8);;<1>
300;96;(16,14);;<2>
300;99;(16,13);outputNeighborhood;<1>
300;99;(16,13);;<1>
300;101;(6,5);outputNeighborhood;<2>
300;101;(6,5);;<2>
300;103;(6,3);outputNeighborhood;<1>
300;103;(6,3);;<1>
300;116;(15,16);outputNeighborhood;<1>
300;116;(15,16);;<1>
300;118;(15,14);outputNeighborhood;<2>
300;118;(15,14);;<2>
300;123;(14,16);;<2>
300;131;(11,14);outputNeighborhood;<1>
300;131;(11,14);;<1>
300;133;(15,12);outputNeighborhood;<1>
300;133;(15,12);;<1>
300;137;(16,16);;<1>
300;141;(17,14);outputNeighborhood;<1>
300;141;(17,14);;<1>
300;142;(13,14);outputNeighborhood;<2>
300;142;(13,14);;<2>
300;144;(14,11);outputNeighborhood;<1>
300;144;(14,11);;<1>
300;146;(13,11);;<1>
300;147;(13,16);outputNeighborhood;<1>
300;147;(13,16);;<1>
300;157;(14,15);outputNeighborhood;<2>
300;157;(14,15);;<2>
300;159;(4,7);outputNeighborhood;<1>
300;159;(4,7);;<1>
300;162;(14,18);;<1>
300;165;(4,4);;<2>
300;168;(9,5);;<1>
300;171;(2,6);;<1>
300;181;(3,3);;<1>
300;183;(3,4);outputNeighborhood;<1>
300;183;(3,4);;<1>
300;191;(8,6);;<1>
300;196;(13,15);;<2>
300;197;(18,14);;<1>
300;198;(5,2);outputNeighborhood;<1>
300;198;(5,2);;<1>
300;201;(5,7);;<2>
300;202;(5,4);outputNeighborhood;<2>
300;202;(5,4);;<2>
300;204;(7,7);;<1>
300;205;(7,4);outputNeighborhood;<1>
300;205;(7,4);;<1>
300;215;(5,8);outputNeighborhood;<1>
300;215;(5,8);;<1>
300;216;(13,12);outputNeighborhood;<1>
300;216;(13,12);;<1>
300;221;(5,5);;<2>
300;233;(6,4);;<2>
300;234;(7,5);;<2>
300;244;(8,4);;<1>
300;245;(6,6);;<2>
300;251;(15,15);;<2>
300;253;(7,3);;<1>
300;257;(6,7);outputNeighborhood;<1>
300;257;(6,7);;<1>
300;258;(3,6);outputNeighborhood;<1>
300;258;(3,6);;<1>
300;261;(4,2);;<1>
300;264;(5,3);;<2>
300;267;(5,9);;<1>
300;268;(13,17);;<1>
300;271;(11,13);;<1>
300;277;(4,3);outputNeighborhood;<1>
300;277;(4,3);;<1>
300;279;(3,5);;<2>
300;289;(15,17);;<1>
300;290;(16,12);;<1>
300;300;(14,14);;<2>
300;305;(16,15);outputNeighborhood;<1>
300;305;(16,15);;<1>
300;308;(12,16);;<1>
300;312;(12,14);;<2>
300;314;(1,5);;<1>
300;316;(14,13);outputNeighborhood;<2>
300;316;(14,13);;<2>
300;317;(7,6);outputNeighborhood;<1>
300;317;(7,6);;<1>
300;320;(15,11);;<1>
300;328;(4,5);outputNeighborhood;<2>
300;328;(4,5);;<2>
300;331;(2,4);;<1>
300;336;(14,12);;<2>
300;351;(14,17);outputNeighborhood;<1>
300;351;(14,17);;<1>
300;356;(6,2);;<1>
300;357;(5,6);outputNeighborhood;<2>
300;357;(5,6);;<2>
300;358;(12,12);;<1>
300;365;(12,15);outputNeighborhood;<1>
300;365;(12,15);;<1>
300;375;(15,13);;<2>
300;376;(12,13);outputNeighborhood;<1>
300;376;(12,13);;<1>
300;392;(11,15);;<1>
300;397;(10,14);;<1>
300;399;(8,5);outputNeighborhood;<1>
300;399;(8,5);;<1>
300;400;(14,10);;<1>
400;1;(2,3);;<1>
400;2;(18,13);;<1>
400;11;(13,13);outputNeighborhood;<2>
400;11;(13,13);;<2>
400;12;(5,10);;<1>
400;13;(1,6);;<1>
400;14;(1,4);;<1>
400;20;(2,5);;<2>
400;44;(11,16);;<1>
400;46;(5,1);outputNeighborhood;<1>
400;46;(5,1);;<1>
400;70;(4,8);outputNeighborhood;<1>
400;70;(4,8);;<1>
400;72;(4,6);outputNeighborhood;<2>
400;72;(4,6);;<2>
400;75;(17,16);;<1>
400;78;(17,15);outputNeighborhood;<1>
400;78;(17,15);;<1>
400;79;(17,13);outputNeighborhood;<1>
400;79;(17,13);;<1>
400;80;(3,7);outputNeighborhood;<1>
400;80;(3,7);;<1>
400;88;(6,8);outputNeighborhood;<1>
400;88;(6,8);;<1>
400;91;(3,8);;<1>
400;94;(16,17);;<1>
400;96;(16,14);outputNeighborhood;<2>
400;96;(16,14);;<2>
400;99;(16,13);;<2>
400;101;(6,5);;<2>
400;103;(6,3);;<2>
400;116;(15,16);;<2>
400;118;(15,14);;<2>
400;123;(14,16);outputNeighborhood;<2>
400;123;(14,16);;<2>
400;131;(11,14);;<2>
400;133;(15,12);;<2>
400;137;(16,16);outputNeighborhood;<1>
400;137;(16,16);;<1>
400;140;(12,17);;<1>
400;141;(17,14);;<2>
400;142;(13,14);;<2>
400;144;(14,11);;<2>
400;146;(13,11);outputNeighborhood;<1>
400;146;(13,11);;<1>
400;147;(13,16);;<2>
400;157;(14,15);;<2>
400;159;(4,7);;<2>
400;162;(14,18);outputNeighborhood;<1>
400;162;(14,18);;<1>
400;163;(14,19);;<1>
400;165;(4,4);outputNeighborhood;<2>
400;165;(4,4);;<2>
400;168;(9,5);outputNeighborhood;<1>
400;168;(9,5);;<1>
400;169;(10,13);;<1>
400;171;(2,6);outputNeighborhood;<1>
400;171;(2,6);;<1>
400;172;(14,9);;<1>
400;174;(15,10);;<1>
400;181;(3,3);outputNeighborhood;<1>
400;181;(3,3);;<1>
400;183;(3,4);;<2>
400;186;(2,7);;<1>
400;191;(8,6);outputNeighborhood;<1>
400;191;(8,6);;<1>
400;193;(7,2);;<1>
400;196;(13,15);outputNeighborhood;<2>
400;196;(13,15);;<2>
400;197;(18,14);outputNeighborhood;<1>
400;197;(18,14);;<1>
400;198;(5,2);;<2>
400;201;(5,7);outputNeighborhood;<2>
400;201;(5,7);;<2>
400;202;(5,4);;<2>
400;204;(7,7);outputNeighborhood;<1>
400;204;(7,7);;<1>
400;205;(7,4);;<2>
400;215;(5,8);;<2>
400;216;(13,12);;<2>
400;223;(17,12);;<1>
400;229;(16,11);;<1>
400;233;(6,4);outputNeighborhood;<2>
400;233;(6,4);;<2>
400;234;(7,5);outputNeighborhood;<2>
400;234;(7,5);;<2>
400;235;(9,6);;<1>
400;237;(7,8);;<1>
400;244;(8,4);outputNeighborhood;<1>
400;244;(8,4);;<1>
400;245;(6,6);outputNeighborhood;<2>
400;245;(6,6);;<2>
400;251;(15,15);outputNeighborhood;<2>
400;251;(15,15);;<2>
400;253;(7,3);outputNeighborhood;<1>
400;253;(7,3);;<1>
400;257;(6,7);;<2>
400;258;(3,6);;<2>
400;260;(6,1);;<1>
400;261;(4,2);outputNeighborhood;<1>
400;261;(4,2);;<1>
400;264;(5,3);outputNeighborhood;<2>
400;264;(5,3);;<2>
400;265;(8,3);;<1>
400;267;(5,9);outputNeighborhood;<1>
400;267;(5,9);;<1>
400;268;(13,17);outputNeighborhood;<1>
400;268;(13,17);;<1>
400;269;(3,2);;<1>
400;270;(9,4);;<1>
400;271;(11,13);outputNeighborhood;<1>
400;271;(11,13);;<1>
400;277;(4,3);;<2>
400;279;(3,5);outputNeighborhood;<2>
400;279;(3,5);;<2>
400;288;(4,1);;<1>
400;289;(15,17);outputNeighborhood;<1>
400;289;(15,17);;<1>
400;290;(16,12);outputNeighborhood;<1>
400;290;(16,12);;<1>
400;291;(5,0);;<1>
400;292;(9,14);;<1>
400;293;(15,18);;<1>
400;294;(4,9);;<1>
400;296;(13,10);;<1>
400;299;(0,5);;<1>
400;305;(16,15);;<2>
400;308;(12,16);outputNeighborhood;<1>
400;308;(12,16);;<1>
400;312;(12,14);outputNeighborhood;<2>
400;312;(12,14);;<2>
400;314;(1,5);outputNeighborhood;<1>
400;314;(1,5);;<1>
400;316;(14,13);;<2>
400;317;(7,6);;<2>
400;320;(15,11);outputNeighborhood;<1>
400;320;(15,11);;<1>
400;321;(18,15);;<1>
400;328;(4,5);;<2>
400;330;(6,9);;<1>
400;331;(2,4);outputNeighborhood;<1>
400;331;(2,4);;<1>
400;336;(14,12);outputNeighborhood;<2>
400;336;(14,12);;<2>
400;347;(8,7);;<1>
400;351;(14,17);;<2>
400;354;(11,12);;<1>
400;356;(6,2);outputNeighborhood;<1>
400;356;(6,2);;<1>
400;357;(5,6);;<2>
400;358;(12,12);outputNeighborhood;<1>
400;358;(12,12);;<1>
400;360;(19,14);;<1>
400;365;(12,15);;<2>
400;372;(10,5);;<1>
400;374;(13,18);;<1>
400;375;(15,13);outputNeighborhood;<2>
400;375;(15,13);;<2>
400;376;(12,13);;<2>
400;381;(10,15);;<1>
400;392;(11,15);outputNeighborhood;<1>
400;392;(11,15);;<1>
400;395;(12,11);;<1>
400;397;(10,14);outputNeighborhood;<1>
400;397;(10,14);;<1>
400;399;(8,5);;<2>
400;400;(14,10);outputNeighborhood;<1>
400;400;(14,10);;<1>
500;1;(2,3);outputNeighborhood;<1>
500;1;(2,3);;<1>
500;2;(18,13);outputNeighborhood;<1>
500;2;(18,13);;<1>
500;3;(2,2);;<1>
500;10;(1,7);;<1>
500;11;(13,13);;<2>
500;12;(5,10);outputNeighborhood;<1>
500;12;(5,10);;<1>
500;13;(1,6);outputNeighborhood;<1>
500;13;(1,6);;<1>
500;14;(1,4);outputNeighborhood;<1>
500;14;(1,4);;<1>
500;20;(2,5);outputNeighborhood;<2>
500;20;(2,5);;<2>
500;21;(19,15);;<1>
500;27;(0,6);;<1>
500;28;(7,9);;<1>
500;31;(4,10);;<1>
500;44;(11,16);outputNeighborhood;<1>
500;44;(11,16);;<1>
500;46;(5,1);;<2>
500;51;(18,16);;<1>
500;54;(18,12);;<1>
500;70;(4,8);;<2>
500;72;(4,6);;<2>
500;74;(17,17);;<1>
500;75;(17,16);outputNeighborhood;<1>
500;75;(17,16);;<1>
500;77;(19,13);;<1>
500;78;(17,15);;<2>
500;79;(17,13);;<2>
500;80;(3,7);;<2>
500;88;(6,8);;<2>
500;91;(3,8);outputNeighborhood;<1>
500;91;(3,8);;<1>
500;93;(16,18);;<1>
500;94;(16,17);outputNeighborhood;<1>
500;94;(16,17);;<1>
500;95;(11,17);;<1>
500;96;(16,14);;<2>
500;97;(16,10);;<1>
500;99;(16,13);outputNeighborhood;<2>
500;99;(16,13);;<2>
500;103;(6,3);outputNeighborhood;<2>
500;103;(6,3);;<2>
500;104;(15,9);;<1>
500;114;(15,19);;<1>
500;116;(15,16);outputNeighborhood;<2>
500;116;(15,16);;<2>
500;123;(14,16);;<2>
500;131;(11,14);outputNeighborhood;<2>
500;131;(11,14);;<2>
500;132;(11,5);;<1>
500;133;(15,12);outputNeighborhood;<2>
500;133;(15,12);;<2>
500;137;(16,16);;<2>
500;138;(11,11);;<1>
500;140;(12,17);outputNeighborhood;<1>
500;140;(12,17);;<1>
500;141;(17,14);outputNeighborhood;<2>
500;141;(17,14);;<2>
500;143;(13,9);;<1>
500;144;(14,11);outputNeighborhood;<2>
500;144;(14,11);;<2>
500;146;(13,11);;<2>
500;147;(13,16);outputNeighborhood;<2>
500;147;(13,16);;<2>
500;159;(4,7);outputNeighborhood;<2>
500;159;(4,7);;<2>
500;162;(14,18);;<2>
500;163;(14,19);outputNeighborhood;<1>
500;163;(14,19);;<1>
500;165;(4,4);;<2>
500;168;(9,5);;<2>
500;169;(10,13);outputNeighborhood;<1>
500;169;(10,13);;<1>
500;171;(2,6);;<2>
500;172;(14,9);outputNeighborhood;<1>
500;172;(14,9);;<1>
500;174;(15,10);outputNeighborhood;<1>
500;174;(15,10);;<1>
500;181;(3,3);;<2>
500;183;(3,4);outputNeighborhood;<2>
500;183;(3,4);;<2>
500;186;(2,7);outputNeighborhood;<1>
500;186;(2,7);;<1>
500;191;(8,6);;<2>
500;193;(7,2);outputNeighborhood;<1>
500;193;(7,2);;<1>
500;196;(13,15);;<2>
500;197;(18,14);;<2>
500;198;(5,2);outputNeighborhood;<2>
500;198;(5,2);;<2>
500;201;(5,7);;<2>
500;204;(7,7);;<2>
500;205;(7,4);outputNeighborhood;<2>
500;205;(7,4);;<2>
500;209;(8,14);;<1>
500;211;(8,8);;<1>
500;215;(5,8);outputNeighborhood;<2>
500;215;(5,8);;<2>
500;216;(13,12);outputNeighborhood;<2>
500;216;(13,12);;<2>
500;217;(9,3);;<1>
500;223;(17,12);outputNeighborhood;<1>
500;223;(17,12);;<1>
500;229;(16,11);outputNeighborhood;<1>
500;229;(16,11);;<1>
500;233;(6,4);;<2>
500;234;(7,5);;<2>
500;235;(9,6);outputNeighborhood;<1>
500;235;(9,6);;<1>
500;237;(7,8);outputNeighborhood;<1>
500;237;(7,8);;<1>
500;238;(14,8);;<1>
500;244;(8,4);;<2>
500;245;(6,6);;<2>
500;246;(3,1);;<1>
500;248;(8,2);;<1>
500;250;(7,1);;<1>
500;251;(15,15);;<2>
500;253;(7,3);;<2>
500;257;(6,7);outputNeighborhood;<2>
500;257;(6,7);;<2>
500;258;(3,6);outputNeighborhood;<2>
500;258;(3,6);;<2>
500;259;(6,10);;<1>
500;260;(6,1);outputNeighborhood;<1>
500;260;(6,1);;<1>
500;261;(4,2);;<2>
500;263;(5,11);;<1>
500;264;(5,3);;<2>
500;265;(8,3);outputNeighborhood;<1>
500;265;(8,3);;<1>
500;267;(5,9);;<2>
500;268;(13,17);;<2>
500;269;(3,2);outputNeighborhood;<1>
500;269;(3,2);;<1>
500;270;(9,4);outputNeighborhood;<1>
500;270;(9,4);;<1>
500;271;(11,13);;<2>
500;274;(2,8);;<1>
500;277;(4,3);outputNeighborhood;<2>
500;277;(4,3);;<2>
500;279;(3,5);;<2>
500;281;(10,12);;<1>
500;286;(1,3);;<1>
500;288;(4,1);outputNeighborhood;<1>
500;288;(4,1);;<1>
500;289;(15,17);;<2>
500;290;(16,12);;<2>
500;291;(5,0);outputNeighborhood;<1>
500;291;(5,0);;<1>
500;292;(9,14);outputNeighborhood;<1>
500;292;(9,14);;<1>
500;293;(15,18);outputNeighborhood;<1>
500;293;(15,18);;<1>
500;294;(4,9);outputNeighborhood;<1>
500;294;(4,9);;<1>
500;296;(13,10);outputNeighborhood;<1>
500;296;(13,10);;<1>
500;299;(0,5);outputNeighborhood;<1>
500;299;(0,5);;<1>
500;301;(9,7);;<1>
500;303;(12,18);;<1>
500;305;(16,15);outputNeighborhood;<2>
500;305;(16,15);;<2>
500;308;(12,16);;<2>
500;311;(12,10);;<1>
500;312;(12,14);;<2>
500;314;(1,5);;<2>
500;317;(7,6);outputNeighborhood;<2>
500;317;(7,6);;<2>
500;320;(15,11);;<2>
500;321;(18,15);outputNeighborhood;<1>
500;321;(18,15);;<1>
500;322;(13,19);;<1>
500;326;(0,4);;<1>
500;329;(17,11);;<1>
500;330;(6,9);outputNeighborhood;<1>
500;330;(6,9);;<1>
500;331;(2,4);;<2>
500;336;(14,12);;<2>
500;346;(10,16);;<1>
500;347;(8,7);outputNeighborhood;<1>
500;347;(8,7);;<1>
500;349;(9,13);;<1>
500;351;(14,17);outputNeighborhood;<2>
500;351;(14,17);;<2>
500;354;(11,12);outputNeighborhood;<1>
500;354;(11,12);;<1>
500;355;(3,9);;<1>
500;356;(6,2);;<2>
500;358;(12,12);;<2>
500;360;(19,14);outputNeighborhood;<1>
500;360;(19,14);;<1>
500;365;(12,15);outputNeighborhood;<2>
500;365;(12,15);;<2>
500;372;(10,5);outputNeighborhood;<1>
500;372;(10,5);;<1>
500;374;(13,18);outputNeighborhood;<1>
500;374;(13,18);;<1>
500;375;(15,13);;<2>
500;376;(12,13);outputNeighborhood;<2>
500;376;(12,13);;<2>
500;381;(10,15);outputNeighborhood;<1>
500;381;(10,15);;<1>
500;382;(10,4);;<1>
500;384;(4,0);;<1>
500;387;(10,6);;<1>
500;391;(6,0);;<1>
500;392;(11,15);;<2>
500;393;(9,15);;<1>
500;395;(12,11);outputNeighborhood;<1>
500;395;(12,11);;<1>
500;397;(10,14);;<2>
500;399;(8,5);outputNeighborhood;<2>
500;399;(8,5);;<2>
500;400;(14,10);;<2>
600;1;(2,3);;<2>
600;2;(18,13);;<2>
600;3;(2,2);outputNeighborhood;<1>
600;3;(2,2);;<1>
600;8;(2,1);;<1>
600;9;(1,8);;<1>
600;10;(1,7);outputNeighborhood;<1>
600;10;(1,7);;<1>
600;12;(5,10);;<2>
600;13;(1,6);;<2>
600;14;(1,4);;<2>
600;20;(2,5);;<2>
600;21;(19,15);outputNeighborhood;<1>
600;21;(19,15);;<1>
600;27;(0,6);outputNeighborhood;<1>
600;27;(0,6);;<1>
600;28;(7,9);outputNeighborhood;<1>
600;28;(7,9);;<1>
600;31;(4,10);outputNeighborhood;<1>
600;31;(4,10);;<1>
600;34;(19,16);;<1>
600;36;(19,12);;<1>
600;44;(11,16);;<2>
600;46;(5,1);outputNeighborhood;<2>
600;46;(5,1);;<2>
600;51;(18,16);outputNeighborhood;<1>
600;51;(18,16);;<1>
600;54;(18,12);outputNeighborhood;<1>
600;54;(18,12);;<1>
600;70;(4,8);outputNeighborhood;<2>
600;70;(4,8);;<2>
600;71;(17,18);;<1>
600;74;(17,17);outputNeighborhood;<1>
600;74;(17,17);;<1>
600;75;(17,16);;<2>
600;77;(19,13);outputNeighborhood;<1>
600;77;(19,13);;<1>
600;78;(17,15);outputNeighborhood;<2>
600;78;(17,15);;<2>
600;79;(17,13);outputNeighborhood;<2>
600;79;(17,13);;<2>
600;80;(3,7);outputNeighborhood;<2>
600;80;(3,7);;<2>
600;81;(17,10);;<1>
600;82;(9,16);;<1>
600;83;(16,9);;<1>
600;88;(6,8);outputNeighborhood;<2>
600;88;(6,8);;<2>
600;91;(3,8);;<2>
600;92;(8,13);;<1>
600;93;(16,18);outputNeighborhood;<1>
600;93;(16,18);;<1>
600;94;(16,17);;<2>
600;95;(11,17);outputNeighborhood;<1>
600;95;(11,17);;<1>
600;97;(16,10);outputNeighborhood;<1>
600;97;(16,10);;<1>
600;99;(16,13);;<2>
600;103;(6,3);;<2>
600;104;(15,9);outputNeighborhood;<1>
600;104;(15,9);;<1>
600;105;(15,8);;<1>
600;111;(11,18);;<1>
600;114;(15,19);outputNeighborhood;<1>
600;114;(15,19);;<1>
600;116;(15,16);;<2>
600;119;(11,6);;<1>
600;127;(7,0);;<1>
600;131;(11,14);;<2>
600;132;(11,5);outputNeighborhood;<1>
600;132;(11,5);;<1>
600;133;(15,12);;<2>
600;136;(7,14);;<1>
600;137;(16,16);outputNeighborhood;<2>
600;137;(16,16);;<2>
600;138;(11,11);outputNeighborhood;<1>
600;138;(11,11);;<1>
600;140;(12,17);;<2>
600;141;(17,14);;<2>
600;143;(13,9);outputNeighborhood;<1>
600;143;(13,9);;<1>
600;144;(14,11);;<2>
600;146;(13,11);outputNeighborhood;<2>
600;146;(13,11);;<2>
600;147;(13,16);;<2>
600;151;(13,8);;<1>
600;153;(18,11);;<1>
600;159;(4,7);;<2>
600;161;(9,8);;<1>
600;162;(14,18);outputNeighborhood;<2>
600;162;(14,18);;<2>
600;163;(14,19);;<2>
600;168;(9,5);outputNeighborhood;<2>
600;168;(9,5);;<2>
600;169;(10,13);;<2>
600;171;(2,6);outputNeighborhood;<2>
600;171;(2,6);;<2>
600;172;(14,9);;<2>
600;174;(15,10);;<2>
600;181;(3,3);outputNeighborhood;<2>
600;181;(3,3);;<2>
600;183;(3,4);;<2>
600;186;(2,7);;<2>
600;190;(10,3);;<1>
600;191;(8,6);outputNeighborhood;<2>
600;191;(8,6);;<2>
600;193;(7,2);;<2>
600;195;(4,11);;<1>
600;197;(18,14);outputNeighborhood;<2>
600;197;(18,14);;<2>
600;198;(5,2);;<2>
600;199;(7,10);;<1>
600;203;(3,10);;<1>
600;204;(7,7);outputNeighborhood;<2>
600;204;(7,7);;<2>
600;205;(7,4);;<2>
600;209;(8,14);outputNeighborhood;<1>
600;209;(8,14);;<1>
600;211;(8,8);outputNeighborhood;<1>
600;211;(8,8);;<1>
600;215;(5,8);;<2>
600;216;(13,12);;<2>
600;217;(9,3);outputNeighborhood;<1>
600;217;(9,3);;<1>
600;218;(3,0);;<1>
600;219;(8,9);;<1>
600;222;(12,9);;<1>
600;223;(17,12);;<2>
600;228;(2,9);;<1>
600;229;(16,11);;<2>
600;235;(9,6);;<2>
600;237;(7,8);;<2>
600;238;(14,8);outputNeighborhood;<1>
600;238;(14,8);;<1>
600;239;(8,1);;<1>
600;244;(8,4);outputNeighborhood;<2>
600;244;(8,4);;<2>
600;246;(3,1);outputNeighborhood;<1>
600;246;(3,1);;<1>
600;248;(8,2);outputNeighborhood;<1>
600;248;(8,2);;<1>
600;249;(9,12);;<1>
600;250;(7,1);outputNeighborhood;<1>
600;250;(7,1);;<1>
600;252;(6,11);;<1>
600;253;(7,3);outputNeighborhood;<2>
600;253;(7,3);;<2>
600;255;(9,2);;<1>
600;257;(6,7);;<2>
600;258;(3,6);;<2>
600;259;(6,10);outputNeighborhood;<1>
600;259;(6,10);;<1>
600;260;(6,1);;<2>
600;261;(4,2);outputNeighborhood;<2>
600;261;(4,2);;<2>
600;263;(5,11);outputNeighborhood;<1>
600;263;(5,11);;<1>
600;265;(8,3);;<2>
600;267;(5,9);outputNeighborhood;<2>
600;267;(5,9);;<2>
600;268;(13,17);outputNeighborhood;<2>
600;268;(13,17);;<2>
600;269;(3,2);;<2>
600;270;(9,4);;<2>
600;271;(11,13);outputNeighborhood;<2>
600;271;(11,13);;<2>
600;274;(2,8);outputNeighborhood;<1>
600;274;(2,8);;<1>
600;277;(4,3);;<2>
600;281;(10,12);outputNeighborhood;<1>
600;281;(10,12);;<1>
600;285;(12,19);;<1>
600;286;(1,3);outputNeighborhood;<1>
600;286;(1,3);;<1>
600;288;(4,1);;<2>
600;289;(15,17);outputNeighborhood;<2>
600;289;(15,17);;<2>
600;290;(16,12);outputNeighborhood;<2>
600;290;(16,12);;<2>
600;291;(5,0);;<2>
600;292;(9,14);;<2>
600;293;(15,18);;<2>
600;294;(4,9);;<2>
600;296;(13,10);;<2>
600;298;(14,7);;<1>
600;299;(0,5);;<2>
600;301;(9,7);outputNeighborhood;<1>
600;301;(9,7);;<1>
600;303;(12,18);outputNeighborhood;<1>
600;303;(12,18);;<1>
600;305;(16,15);;<2>
600;308;(12,16);outputNeighborhood;<2>
600;308;(12,16);;<2>
600;310;(5,12);;<1>
600;311;(12,10);outputNeighborhood;<1>
600;311;(12,10);;<1>
600;314;(1,5);outputNeighborhood;<2>
600;314;(1,5);;<2>
600;317;(7,6);;<2>
600;320;(15,11);outputNeighborhood;<2>
600;320;(15,11);;<2>
600;321;(18,15);;<2>
600;322;(13,19);outputNeighborhood;<1>
600;322;(13,19);;<1>
600;323;(12,5);;<1>
600;324;(18,17);;<1>
600;326;(0,4);outputNeighborhood;<1>
600;326;(0,4);;<1>
600;329;(17,11);outputNeighborhood;<1>
600;329;(17,11);;<1>
600;330;(6,9);;<2>
600;331;(2,4);outputNeighborhood;<2>
600;331;(2,4);;<2>
600;334;(11,4);;<1>
600;335;(0,3);;<1>
600;342;(0,7);;<1>
600;346;(10,16);outputNeighborhood;<1>
600;346;(10,16);;<1>
600;347;(8,7);;<2>
600;348;(10,7);;<1>
600;349;(9,13);outputNeighborhood;<1>
600;349;(9,13);;<1>
600;351;(14,17);;<2>
600;354;(11,12);;<2>
600;355;(3,9);outputNeighborhood;<1>
600;355;(3,9);;<1>
600;356;(6,2);outputNeighborhood;<2>
600;356;(6,2);;<2>
600;358;(12,12);outputNeighborhood;<2>
600;358;(12,12);;<2>
600;359;(16,19);;<1>
600;360;(19,14);;<2>
600;361;(11,10);;<1>
600;365;(12,15);;<2>
600;371;(10,17);;<1>
600;372;(10,5);;<2>
600;374;(13,18);;<2>
600;376;(12,13);;<2>
600;379;(8,15);;<1>
600;381;(10,15);;<2>
600;382;(10,4);outputNeighborhood;<1>
600;382;(10,4);;<1>
600;384;(4,0);outputNeighborhood;<1>
600;384;(4,0);;<1>
600;386;(10,11);;<1>
600;387;(10,6);outputNeighborhood;<1>
600;387;(10,6);;<1>
600;391;(6,0);outputNeighborhood;<1>
600;391;(6,0);;<1>
600;392;(11,15);outputNeighborhood;<2>
600;392;(11,15);;<2>
600;393;(9,15);outputNeighborhood;<1>
600;393;(9,15);;<1>
600;395;(12,11);;<2>
600;397;(10,14);outputNeighborhood;<2>
600;397;(10,14);;<2>
600;398;(1,2);;<1>
600;399;(8,5);;<2>
600;400;(14,10);outputNeighborhood;<2>
600;400;(14,10);;<2>
700;1;(2,3);outputNeighborhood;<2>
700;1;(2,3);;<2>
700;2;(18,13);outputNeighborhood;<2>
700;2;(18,13);;<2>
700;3;(2,2);;<2>
700;8;(2,1);outputNeighborhood;<1>
700;8;(2,1);;<1>
700;9;(1,8);outputNeighborhood;<1>
700;9;(1,8);;<1>
700;10;(1,7);;<2>
700;12;(5,10);outputNeighborhood;<2>
700;12;(5,10);;<2>
700;13;(1,6);outputNeighborhood;<2>
700;13;(1,6);;<2>
700;14;(1,4);outputNeighborhood;<2>
700;14;(1,4);;<2>
700;21;(19,15);;<2>
700;25;(1,9);;<1>
700;27;(0,6);;<2>
700;28;(7,9);;<2>
700;31;(4,10);;<2>
700;34;(19,16);outputNeighborhood;<1>
700;34;(19,16);;<1>
700;36;(19,12);outputNeighborhood;<1>
700;36;(19,12);;<1>
700;37;(19,17);;<1>
700;38;(19,11);;<1>
700;44;(11,16);outputNeighborhood;<2>
700;44;(11,16);;<2>
700;46;(5,1);;<2>
700;49;(7,13);;<1>
700;51;(18,16);;<2>
700;54;(18,12);;<2>
700;55;(17,19);;<1>
700;63;(9,11);;<1>
700;70;(4,8);;<2>
700;71;(17,18);outputNeighborhood;<1>
700;71;(17,18);;<1>
700;74;(17,17);;<2>
700;75;(17,16);outputNeighborhood;<2>
700;75;(17,16);;<2>
700;77;(19,13);;<2>
700;78;(17,15);;<2>
700;79;(17,13);;<2>
700;80;(3,7);;<2>
700;81;(17,10);outputNeighborhood;<1>
700;81;(17,10);;<1>
700;82;(9,16);outputNeighborhood;<1>
700;82;(9,16);;<1>
700;83;(16,9);outputNeighborhood;<1>
700;83;(16,9);;<1>
700;85;(16,8);;<1>
700;87;(18,18);;<1>
700;88;(6,8);;<2>
700;91;(3,8);outputNeighborhood;<2>
700;91;(3,8);;<2>
700;92;(8,13);outputNeighborhood;<1>
700;92;(8,13);;<1>
700;93;(16,18);;<2>
700;94;(16,17);outputNeighborhood;<2>
700;94;(16,17);;<2>
700;95;(11,17);;<2>
700;97;(16,10);;<2>
700;104;(15,9);;<2>
700;105;(15,8);outputNeighborhood;<1>
700;105;(15,8);;<1>
700;107;(15,7);;<1>
700;108;(18,10);;<1>
700;111;(11,18);outputNeighborhood;<1>
700;111;(11,18);;<1>
700;114;(15,19);;<2>
700;119;(11,6);outputNeighborhood;<1>
700;119;(11,6);;<1>
700;122;(0,8);;<1>
700;127;(7,0);outputNeighborhood;<1>
700;127;(7,0);;<1>
700;132;(11,5);;<2>
700;136;(7,14);outputNeighborhood;<1>
700;136;(7,14);;<1>
700;137;(16,16);;<2>
700;138;(11,11);;<2>
700;139;(12,4);;<1>
700;140;(12,17);outputNeighborhood;<2>
700;140;(12,17);;<2>
700;143;(13,9);;<2>
700;146;(13,11);;<2>
700;148;(13,5);;<1>
700;151;(13,8);outputNeighborhood;<1>
700;151;(13,8);;<1>
700;153;(18,11);outputNeighborhood;<1>
700;153;(18,11);;<1>
700;154;(13,7);;<1>
700;156;(6,14);;<1>
700;158;(2,0);;<1>
700;161;(9,8);outputNeighborhood;<1>
700;161;(9,8);;<1>
700;162;(14,18);;<2>
700;163;(14,19);outputNeighborhood;<2>
700;163;(14,19);;<2>
700;166;(10,10);;<1>
700;168;(9,5);;<2>
700;169;(10,13);outputNeighborhood;<2>
700;169;(10,13);;<2>
700;171;(2,6);;<2>
700;172;(14,9);outputNeighborhood;<2>
700;172;(14,9);;<2>
700;174;(15,10);outputNeighborhood;<2>
700;174;(15,10);;<2>
700;175;(3,11);;<1>
700;181;(3,3);;<2>
700;186;(2,7);outputNeighborhood;<2>
700;186;(2,7);;<2>
700;190;(10,3);outputNeighborhood;<1>
700;190;(10,3);;<1>
700;191;(8,6);;<2>
700;193;(7,2);outputNeighborhood;<2>
700;193;(7,2);;<2>
700;195;(4,11);outputNeighborhood;<1>
700;195;(4,11);;<1>
700;197;(18,14);;<2>
700;199;(7,10);outputNeighborhood;<1>
700;199;(7,10);;<1>
700;200;(0,2);;<1>
700;203;(3,10);outputNeighborhood;<1>
700;203;(3,10);;<1>
700;204;(7,7);;<2>
700;206;(8,0);;<1>
700;207;(7,11);;<1>
700;208;(8,10);;<1>
700;209;(8,14);;<2>
700;211;(8,8);;<2>
700;212;(4,12);;<1>
700;213;(5,13);;<1>
700;217;(9,3);;<2>
700;218;(3,0);outputNeighborhood;<1>
700;218;(3,0);;<1>
700;219;(8,9);outputNeighborhood;<1>
700;219;(8,9);;<1>
700;222;(12,9);outputNeighborhood;<1>
700;222;(12,9);;<1>
700;223;(17,12);outputNeighborhood;<2>
700;223;(17,12);;<2>
700;224;(8,16);;<1>
700;226;(9,9);;<1>
700;227;(8,12);;<1>
700;228;(2,9);outputNeighborhood;<1>
700;228;(2,9);;<1>
700;229;(16,11);outputNeighborhood;<2>
700;229;(16,11);;<2>
700;231;(7,15);;<1>
700;235;(9,6);outputNeighborhood;<2>
700;235;(9,6);;<2>
700;237;(7,8);outputNeighborhood;<2>
700;237;(7,8);;<2>
700;238;(14,8);;<2>
700;239;(8,1);outputNeighborhood;<1>
700;239;(8,1);;<1>
700;240;(9,17);;<1>
700;241;(11,3);;<1>
700;243;(9,1);;<1>
700;244;(8,4);;<2>
700;246;(3,1);;<2>
700;248;(8,2);;<2>
700;249;(9,12);outputNeighborhood;<1>
700;249;(9,12);;<1>
700;250;(7,1);;<2>
700;252;(6,11);outputNeighborhood;<1>
700;252;(6,11);;<1>
700;253;(7,3);;<2>
700;255;(9,2);outputNeighborhood;<1>
700;255;(9,2);;<1>
700;259;(6,10);;<2>
700;260;(6,1);outputNeighborhood;<2>
700;260;(6,1);;<2>
700;261;(4,2);;<2>
700;263;(5,11);;<2>
700;265;(8,3);outputNeighborhood;<2>
700;265;(8,3);;<2>
700;267;(5,9);;<2>
700;268;(13,17);;<2>
700;269;(3,2);outputNeighborhood;<2>
700;269;(3,2);;<2>
700;270;(9,4);outputNeighborhood;<2>
700;270;(9,4);;<2>
700;271;(11,13);;<2>
700;274;(2,8);;<2>
700;275;(12,8);;<1>
700;281;(10,12);;<2>
700;284;(12,6);;<1>
700;285;(12,19);outputNeighborhood;<1>
700;285;(12,19);;<1>
700;286;(1,3);;<2>
700;288;(4,1);outputNeighborhood;<2>
700;288;(4,1);;<2>
700;289;(15,17);;<2>
700;290;(16,12);;<2>
700;291;(5,0);outputNeighborhood;<2>
700;291;(5,0);;<2>
700;292;(9,14);outputNeighborhood;<2>
700;292;(9,14);;<2>
700;293;(15,18);outputNeighborhood;<2>
700;293;(15,18);;<2>
700;294;(4,9);outputNeighborhood;<2>
700;294;(4,9);;<2>
700;295;(2,10);;<1>
700;296;(13,10);outputNeighborhood;<2>
700;296;(13,10);;<2>
700;298;(14,7);outputNeighborhood;<1>
700;298;(14,7);;<1>
700;299;(0,5);outputNeighborhood;<2>
700;299;(0,5);;<2>
700;301;(9,7);;<2>
700;303;(12,18);;<2>
700;307;(11,19);;<1>
700;308;(12,16);;<2>
700;309;(10,8);;<1>
700;310;(5,12);outputNeighborhood;<1>
700;310;(5,12);;<1>
700;311;(12,10);;<2>
700;314;(1,5);;<2>
700;315;(11,9);;<1>
700;320;(15,11);;<2>
700;321;(18,15);outputNeighborhood;<2>
700;321;(18,15);;<2>
700;322;(13,19);;<2>
700;323;(12,5);outputNeighborhood;<1>
700;323;(12,5);;<1>
700;324;(18,17);outputNeighborhood;<1>
700;324;(18,17);;<1>
700;326;(0,4);;<2>
700;329;(17,11);;<2>
700;330;(6,9);outputNeighborhood;<2>
700;330;(6,9);;<2>
700;331;(2,4);;<2>
700;334;(11,4);outputNeighborhood;<1>
700;334;(11,4);;<1>
700;335;(0,3);outputNeighborhood;<1>
700;335;(0,3);;<1>
700;338;(11,7);;<1>
700;339;(1,1);;<1>
700;342;(0,7);outputNeighborhood;<1>
700;342;(0,7);;<1>
700;346;(10,16);;<2>
700;347;(8,7);outputNeighborhood;<2>
700;347;(8,7);;<2>
700;348;(10,7);outputNeighborhood;<1>
700;348;(10,7);;<1>
700;349;(9,13);;<2>
700;350;(6,12);;<1>
700;354;(11,12);outputNeighborhood;<2>
700;354;(11,12);;<2>
700;355;(3,9);;<2>
700;356;(6,2);;<2>
700;358;(12,12);;<2>
700;359;(16,19);outputNeighborhood;<1>
700;359;(16,19);;<1>
700;360;(19,14);outputNeighborhood;<2>
700;360;(19,14);;<2>
700;361;(11,10);outputNeighborhood;<1>
700;361;(11,10);;<1>
700;362;(17,9);;<1>
700;364;(14,6);;<1>
700;371;(10,17);outputNeighborhood;<1>
700;371;(10,17);;<1>
700;372;(10,5);outputNeighborhood;<2>
700;372;(10,5);;<2>
700;373;(10,18);;<1>
700;374;(13,18);outputNeighborhood;<2>
700;374;(13,18);;<2>
700;379;(8,15);outputNeighborhood;<1>
700;379;(8,15);;<1>
700;380;(10,2);;<1>
700;381;(10,15);outputNeighborhood;<2>
700;381;(10,15);;<2>
700;382;(10,4);;<2>
700;384;(4,0);;<2>
700;386;(10,11);outputNeighborhood;<1>
700;386;(10,11);;<1>
700;387;(10,6);;<2>
700;391;(6,0);;<2>
700;392;(11,15);;<2>
700;393;(9,15);;<2>
700;395;(12,11);outputNeighborhood;<2>
700;395;(12,11);;<2>
700;397;(10,14);;<2>
700;398;(1,2);outputNeighborhood;<1>
700;398;(1,2);;<1>
700;400;(14,10);;<2>
800;1;(2,3);;<2>
800;2;(18,13);;<2>
800;3;(2,2);outputNeighborhood;<2>
800;3;(2,2);;<2>
800;8;(2,1);;<2>
800;9;(1,8);;<2>
800;10;(1,7);outputNeighborhood;<2>
800;10;(1,7);;<2>
800;12;(5,10);;<2>
800;13;(1,6);;<2>
800;14;(1,4);;<2>
800;21;(19,15);outputNeighborhood;<2>
800;21;(19,15);;<2>
800;25;(1,9);outputNeighborhood;<1>
800;25;(1,9);;<1>
800;27;(0,6);outputNeighborhood;<2>
800;27;(0,6);;<2>
800;28;(7,9);outputNeighborhood;<2>
800;28;(7,9);;<2>
800;30;(0,1);;<1>
800;31;(4,10);outputNeighborhood;<2>
800;31;(4,10);;<2>
800;33;(19,18);;<1>
800;34;(19,16);;<2>
800;36;(19,12);;<2>
800;37;(19,17);outputNeighborhood;<1>
800;37;(19,17);;<1>
800;38;(19,11);outputNeighborhood;<1>
800;38;(19,11);;<1>
800;44;(11,16);;<2>
800;48;(18,19);;<1>
800;49;(7,13);outputNeighborhood;<1>
800;49;(7,13);;<1>
800;50;(19,10);;<1>
800;51;(18,16);outputNeighborhood;<2>
800;51;(18,16);;<2>
800;54;(18,12);outputNeighborhood;<2>
800;54;(18,12);;<2>
800;55;(17,19);outputNeighborhood;<1>
800;55;(17,19);;<1>
800;58;(1,0);;<1>
800;61;(17,8);;<1>
800;63;(9,11);outputNeighborhood;<1>
800;63;(9,11);;<1>
800;71;(17,18);;<2>
800;73;(7,12);;<1>
800;74;(17,17);outputNeighborhood;<2>
800;74;(17,17);;<2>
800;75;(17,16);;<2>
800;77;(19,13);outputNeighborhood;<2>
800;77;(19,13);;<2>
800;81;(17,10);;<2>
800;82;(9,16);;<2>
800;83;(16,9);;<2>
800;84;(8,11);;<1>
800;85;(16,8);outputNeighborhood;<1>
800;85;(16,8);;<1>
800;86;(16,7);;<1>
800;87;(18,18);outputNeighborhood;<1>
800;87;(18,18);;<1>
800;91;(3,8);;<2>
800;92;(8,13);;<2>
800;93;(16,18);outputNeighborhood;<2>
800;93;(16,18);;<2>
800;94;(16,17);;<2>
800;95;(11,17);outputNeighborhood;<2>
800;95;(11,17);;<2>
800;97;(16,10);outputNeighborhood;<2>
800;97;(16,10);;<2>
800;104;(15,9);outputNeighborhood;<2>
800;104;(15,9);;<2>
800;105;(15,8);;<2>
800;107;(15,7);outputNeighborhood;<1>
800;107;(15,7);;<1>
800;108;(18,10);outputNeighborhood;<1>
800;108;(18,10);;<1>
800;110;(15,6);;<1>
800;111;(11,18);;<2>
800;114;(15,19);outputNeighborhood;<2>
800;114;(15,19);;<2>
800;119;(11,6);;<2>
800;122;(0,8);outputNeighborhood;<1>
800;122;(0,8);;<1>
800;127;(7,0);;<2>
800;128;(11,2);;<1>
800;129;(1,10);;<1>
800;132;(11,5);outputNeighborhood;<2>
800;132;(11,5);;<2>
800;136;(7,14);;<2>
800;138;(11,11);outputNeighborhood;<2>
800;138;(11,11);;<2>
800;139;(12,4);outputNeighborhood;<1>
800;139;(12,4);;<1>
800;140;(12,17);;<2>
800;143;(13,9);outputNeighborhood;<2>
800;143;(13,9);;<2>
800;148;(13,5);outputNeighborhood;<1>
800;148;(13,5);;<1>
800;151;(13,8);;<2>
800;153;(18,11);;<2>
800;154;(13,7);outputNeighborhood;<1>
800;154;(13,7);;<1>
800;156;(6,14);outputNeighborhood;<1>
800;156;(6,14);;<1>
800;158;(2,0);outputNeighborhood;<1>
800;158;(2,0);;<1>
800;160;(0,9);;<1>
800;161;(9,8);;<2>
800;163;(14,19);;<2>
800;164;(14,5);;<1>
800;166;(10,10);outputNeighborhood;<1>
800;166;(10,10);;<1>
800;169;(10,13);;<2>
800;170;(6,13);;<1>
800;172;(14,9);;<2>
800;174;(15,10);;<2>
800;175;(3,11);outputNeighborhood;<1>
800;175;(3,11);;<1>
800;184;(9,10);;<1>
800;186;(2,7);;<2>
800;187;(4,13);;<1>
800;190;(10,3);;<2>
800;193;(7,2);;<2>
800;195;(4,11);;<2>
800;199;(7,10);;<2>
800;200;(0,2);outputNeighborhood;<1>
800;200;(0,2);;<1>
800;203;(3,10);;<2>
800;206;(8,0);outputNeighborhood;<1>
800;206;(8,0);;<1>
800;207;(7,11);outputNeighborhood;<1>
800;207;(7,11);;<1>
800;208;(8,10);outputNeighborhood;<1>
800;208;(8,10);;<1>
800;209;(8,14);outputNeighborhood;<2>
800;209;(8,14);;<2>
800;211;(8,8);outputNeighborhood;<2>
800;211;(8,8);;<2>
800;212;(4,12);outputNeighborhood;<1>
800;212;(4,12);;<1>
800;213;(5,13);outputNeighborhood;<1>
800;213;(5,13);;<1>
800;214;(6,15);;<1>
800;217;(9,3);outputNeighborhood;<2>
800;217;(9,3);;<2>
800;218;(3,0);;<2>
800;219;(8,9);;<2>
800;220;(5,14);;<1>
800;222;(12,9);;<2>
800;223;(17,12);;<2>
800;224;(8,16);outputNeighborhood;<1>
800;224;(8,16);;<1>
800;226;(9,9);outputNeighborhood;<1>
800;226;(9,9);;<1>
800;227;(8,12);outputNeighborhood;<1>
800;227;(8,12);;<1>
800;228;(2,9);;<2>
800;229;(16,11);;<2>
800;230;(18,9);;<1>
800;231;(7,15);outputNeighborhood;<1>
800;231;(7,15);;<1>
800;235;(9,6);;<2>
800;237;(7,8);;<2>
800;238;(14,8);outputNeighborhood;<2>
800;238;(14,8);;<2>
800;239;(8,1);;<2>
800;240;(9,17);outputNeighborhood;<1>
800;240;(9,17);;<1>
800;241;(11,3);outputNeighborhood;<1>
800;241;(11,3);;<1>
800;243;(9,1);outputNeighborhood;<1>
800;243;(9,1);;<1>
800;246;(3,1);outputNeighborhood;<2>
800;246;(3,1);;<2>
800;248;(8,2);outputNeighborhood;<2>
800;248;(8,2);;<2>
800;249;(9,12);;<2>
800;250;(7,1);outputNeighborhood;<2>
800;250;(7,1);;<2>
800;252;(6,11);;<2>
800;255;(9,2);;<2>
800;256;(3,12);;<1>
800;259;(6,10);outputNeighborhood;<2>
800;259;(6,10);;<2>
800;260;(6,1);;<2>
800;263;(5,11);outputNeighborhood;<2>
800;263;(5,11);;<2>
800;265;(8,3);;<2>
800;269;(3,2);;<2>
800;270;(9,4);;<2>
800;274;(2,8);outputNeighborhood;<2>
800;274;(2,8);;<2>
800;275;(12,8);outputNeighborhood;<1>
800;275;(12,8);;<1>
800;281;(10,12);outputNeighborhood;<2>
800;281;(10,12);;<2>
800;284;(12,6);outputNeighborhood;<1>
800;284;(12,6);;<1>
800;285;(12,19);;<2>
800;286;(1,3);outputNeighborhood;<2>
800;286;(1,3);;<2>
800;287;(10,9);;<1>
800;288;(4,1);;<2>
800;291;(5,0);;<2>
800;292;(9,14);;<2>
800;293;(15,18);;<2>
800;294;(4,9);;<2>
800;295;(2,10);outputNeighborhood;<1>
800;295;(2,10);;<1>
800;296;(13,10);;<2>
800;298;(14,7);;<2>
800;299;(0,5);;<2>
800;301;(9,7);outputNeighborhood;<2>
800;301;(9,7);;<2>
800;302;(8,17);;<1>
800;303;(12,18);outputNeighborhood;<2>
800;303;(12,18);;<2>
800;304;(10,19);;<1>
800;307;(11,19);outputNeighborhood;<1>
800;307;(11,19);;<1>
800;309;(10,8);outputNeighborhood;<1>
800;309;(10,8);;<1>
800;310;(5,12);;<2>
800;311;(12,10);outputNeighborhood;<2>
800;311;(12,10);;<2>
800;315;(11,9);outputNeighborhood;<1>
800;315;(11,9);;<1>
800;318;(12,3);;<1>
800;319;(9,18);;<1>
800;321;(18,15);;<2>
800;322;(13,19);outputNeighborhood;<2>
800;322;(13,19);;<2>
800;323;(12,5);;<2>
800;324;(18,17);;<2>
800;325;(7,16);;<1>
800;326;(0,4);outputNeighborhood;<2>
800;326;(0,4);;<2>
800;329;(17,11);outputNeighborhood;<2>
800;329;(17,11);;<2>
800;330;(6,9);;<2>
800;334;(11,4);;<2>
800;335;(0,3);;<2>
800;338;(11,7);outputNeighborhood;<1>
800;338;(11,7);;<1>
800;339;(1,1);outputNeighborhood;<1>
800;339;(1,1);;<1>
800;342;(0,7);;<2>
800;343;(9,0);;<1>
800;346;(10,16);outputNeighborhood;<2>
800;346;(10,16);;<2>
800;347;(8,7);;<2>
800;348;(10,7);;<2>
800;349;(9,13);outputNeighborhood;<2>
800;349;(9,13);;<2>
800;350;(6,12);outputNeighborhood;<1>
800;350;(6,12);;<1>
800;353;(2,11);;<1>
800;354;(11,12);;<2>
800;355;(3,9);outputNeighborhood;<2>
800;355;(3,9);;<2>
800;359;(16,19);;<2>
800;360;(19,14);;<2>
800;361;(11,10);;<2>
800;362;(17,9);outputNeighborhood;<1>
800;362;(17,9);;<1>
800;364;(14,6);outputNeighborhood;<1>
800;364;(14,6);;<1>
800;367;(12,7);;<1>
800;368;(13,4);;<1>
800;369;(13,6);;<1>
800;371;(10,17);;<2>
800;372;(10,5);;<2>
800;373;(10,18);outputNeighborhood;<1>
800;373;(10,18);;<1>
800;374;(13,18);;<2>
800;379;(8,15);;<2>
800;380;(10,2);outputNeighborhood;<1>
800;380;(10,2);;<1>
800;381;(10,15);;<2>
800;382;(10,4);outputNeighborhood;<2>
800;382;(10,4);;<2>
800;383;(10,1);;<1>
800;384;(4,0);outputNeighborhood;<2>
800;384;(4,0);;<2>
800;385;(11,8);;<1>
800;386;(10,11);;<2>
800;387;(10,6);outputNeighborhood;<2>
800;387;(10,6);;<2>
800;391;(6,0);outputNeighborhood;<2>
800;391;(6,0);;<2>
800;393;(9,15);outputNeighborhood;<2>
800;393;(9,15);;<2>
800;395;(12,11);;<2>
800;398;(1,2);;<2>
900;3;(2,2);;<2>
900;8;(2,1);outputNeighborhood;<2>
900;8;(2,1);;<2>
900;9;(1,8);outputNeighborhood;<2>
900;9;(1,8);;<2>
900;10;(1,7);;<2>
900;16;(3,13);;<1>
900;21;(19,15);;<2>
900;25;(1,9);;<2>
900;26;(19,9);;<1>
900;27;(0,6);;<2>
900;28;(7,9);;<2>
900;30;(0,1);outputNeighborhood;<1>
900;30;(0,1);;<1>
900;31;(4,10);;<2>
900;33;(19,18);outputNeighborhood;<1>
900;33;(19,18);;<1>
900;34;(19,16);outputNeighborhood;<2>
900;34;(19,16);;<2>
900;36;(19,12);outputNeighborhood;<2>
900;36;(19,12);;<2>
900;37;(19,17);;<2>
900;38;(19,11);;<2>
900;40;(2,12);;<1>
900;41;(18,8);;<1>
900;48;(18,19);outputNeighborhood;<1>
900;48;(18,19);;<1>
900;49;(7,13);;<2>
900;50;(19,10);outputNeighborhood;<1>
900;50;(19,10);;<1>
900;51;(18,16);;<2>
900;53;(4,14);;<1>
900;54;(18,12);;<2>
900;55;(17,19);;<2>
900;56;(10,0);;<1>
900;58;(1,0);outputNeighborhood;<1>
900;58;(1,0);;<1>
900;61;(17,8);outputNeighborhood;<1>
900;61;(17,8);;<1>
900;63;(9,11);;<2>
900;71;(17,18);outputNeighborhood;<2>
900;71;(17,18);;<2>
900;73;(7,12);outputNeighborhood;<1>
900;73;(7,12);;<1>
900;74;(17,17);;<2>
900;77;(19,13);;<2>
900;81;(17,10);outputNeighborhood;<2>
900;81;(17,10);;<2>
900;82;(9,16);outputNeighborhood;<2>
900;82;(9,16);;<2>
900;83;(16,9);outputNeighborhood;<2>
900;83;(16,9);;<2>
900;84;(8,11);outputNeighborhood;<1>
900;84;(8,11);;<1>
900;85;(16,8);;<2>
900;86;(16,7);outputNeighborhood;<1>
900;86;(16,7);;<1>
900;87;(18,18);;<2>
900;89;(16,6);;<1>
900;92;(8,13);outputNeighborhood;<2>
900;92;(8,13);;<2>
900;93;(16,18);;<2>
900;95;(11,17);;<2>
900;97;(16,10);;<2>
900;104;(15,9);;<2>
900;105;(15,8);outputNeighborhood;<2>
900;105;(15,8);;<2>
900;107;(15,7);;<2>
900;108;(18,10);;<2>
900;110;(15,6);outputNeighborhood;<1>
900;110;(15,6);;<1>
900;111;(11,18);outputNeighborhood;<2>
900;111;(11,18);;<2>
900;114;(15,19);;<2>
900;119;(11,6);outputNeighborhood;<2>
900;119;(11,6);;<2>
900;120;(19,19);;<1>
900;121;(1,11);;<1>
900;122;(0,8);;<2>
900;124;(0,0);;<1>
900;126;(12,2);;<1>
900;127;(7,0);outputNeighborhood;<2>
900;127;(7,0);;<2>
900;128;(11,2);outputNeighborhood;<1>
900;128;(11,2);;<1>
900;129;(1,10);outputNeighborhood;<1>
900;129;(1,10);;<1>
900;132;(11,5);;<2>
900;136;(7,14);outputNeighborhood;<2>
900;136;(7,14);;<2>
900;138;(11,11);;<2>
900;139;(12,4);;<2>
900;143;(13,9);;<2>
900;148;(13,5);;<2>
900;149;(14,4);;<1>
900;151;(13,8);outputNeighborhood;<2>
900;151;(13,8);;<2>
900;152;(13,3);;<1>
900;153;(18,11);outputNeighborhood;<2>
900;153;(18,11);;<2>
900;154;(13,7);;<2>
900;156;(6,14);;<2>
900;158;(2,0);;<2>
900;160;(0,9);outputNeighborhood;<1>
900;160;(0,9);;<1>
900;161;(9,8);outputNeighborhood;<2>
900;161;(9,8);;<2>
900;164;(14,5);outputNeighborhood;<1>
900;164;(14,5);;<1>
900;166;(10,10);;<2>
900;170;(6,13);outputNeighborhood;<1>
900;170;(6,13);;<1>
900;175;(3,11);;<2>
900;180;(5,15);;<1>
900;184;(9,10);outputNeighborhood;<1>
900;184;(9,10);;<1>
900;187;(4,13);outputNeighborhood;<1>
900;187;(4,13);;<1>
900;190;(10,3);outputNeighborhood;<2>
900;190;(10,3);;<2>
900;195;(4,11);outputNeighborhood;<2>
900;195;(4,11);;<2>
900;199;(7,10);outputNeighborhood;<2>
900;199;(7,10);;<2>
900;200;(0,2);;<2>
900;203;(3,10);outputNeighborhood;<2>
900;203;(3,10);;<2>
900;206;(8,0);;<2>
900;207;(7,11);;<2>
900;208;(8,10);;<2>
900;209;(8,14);;<2>
900;210;(8,18);;<1>
900;211;(8,8);;<2>
900;212;(4,12);;<2>
900;213;(5,13);;<2>
900;214;(6,15);outputNeighborhood;<1>
900;214;(6,15);;<1>
900;217;(9,3);;<2>
900;218;(3,0);outputNeighborhood;<2>
900;218;(3,0);;<2>
900;219;(8,9);outputNeighborhood;<2>
900;219;(8,9);;<2>
900;220;(5,14);outputNeighborhood;<1>
900;220;(5,14);;<1>
900;222;(12,9);outputNeighborhood;<2>
900;222;(12,9);;<2>
900;224;(8,16);;<2>
900;226;(9,9);;<2>
900;227;(8,12);;<2>
900;228;(2,9);outputNeighborhood;<2>
900;228;(2,9);;<2>
900;230;(18,9);outputNeighborhood;<1>
900;230;(18,9);;<1>
900;231;(7,15);;<2>
900;236;(9,19);;<1>
900;238;(14,8);;<2>
900;239;(8,1);outputNeighborhood;<2>
900;239;(8,1);;<2>
900;240;(9,17);;<2>
900;241;(11,3);;<2>
900;243;(9,1);;<2>
900;246;(3,1);;<2>
900;247;(7,17);;<1>
900;248;(8,2);;<2>
900;249;(9,12);outputNeighborhood;<2>
900;249;(9,12);;<2>
900;250;(7,1);;<2>
900;252;(6,11);outputNeighborhood;<2>
900;252;(6,11);;<2>
900;255;(9,2);outputNeighborhood;<2>
900;255;(9,2);;<2>
900;256;(3,12);outputNeighborhood;<1>
900;256;(3,12);;<1>
900;259;(6,10);;<2>
900;263;(5,11);;<2>
900;273;(6,16);;<1>
900;274;(2,8);;<2>
900;275;(12,8);;<2>
900;281;(10,12);;<2>
900;284;(12,6);;<2>
900;285;(12,19);outputNeighborhood;<2>
900;285;(12,19);;<2>
900;286;(1,3);;<2>
900;287;(10,9);outputNeighborhood;<1>
900;287;(10,9);;<1>
900;295;(2,10);;<2>
900;298;(14,7);outputNeighborhood;<2>
900;298;(14,7);;<2>
900;301;(9,7);;<2>
900;302;(8,17);outputNeighborhood;<1>
900;302;(8,17);;<1>
900;303;(12,18);;<2>
900;304;(10,19);outputNeighborhood;<1>
900;304;(10,19);;<1>
900;306;(0,10);;<1>
900;307;(11,19);;<2>
900;309;(10,8);;<2>
900;310;(5,12);outputNeighborhood;<2>
900;310;(5,12);;<2>
900;311;(12,10);;<2>
900;315;(11,9);;<2>
900;318;(12,3);outputNeighborhood;<1>
900;318;(12,3);;<1>
900;319;(9,18);outputNeighborhood;<1>
900;319;(9,18);;<1>
900;322;(13,19);;<2>
900;323;(12,5);outputNeighborhood;<2>
900;323;(12,5);;<2>
900;324;(18,17);outputNeighborhood;<2>
900;324;(18,17);;<2>
900;325;(7,16);outputNeighborhood;<1>
900;325;(7,16);;<1>
900;326;(0,4);;<2>
900;329;(17,11);;<2>
900;334;(11,4);outputNeighborhood;<2>
900;334;(11,4);;<2>
900;335;(0,3);outputNeighborhood;<2>
900;335;(0,3);;<2>
900;338;(11,7);;<2>
900;339;(1,1);;<2>
900;342;(0,7);outputNeighborhood;<2>
900;342;(0,7);;<2>
900;343;(9,0);outputNeighborhood;<1>
900;343;(9,0);;<1>
900;346;(10,16);;<2>
900;348;(10,7);outputNeighborhood;<2>
900;348;(10,7);;<2>
900;349;(9,13);;<2>
900;350;(6,12);;<2>
900;353;(2,11);outputNeighborhood;<1>
900;353;(2,11);;<1>
900;355;(3,9);;<2>
900;359;(16,19);outputNeighborhood;<2>
900;359;(16,19);;<2>
900;361;(11,10);outputNeighborhood;<2>
900;361;(11,10);;<2>
900;362;(17,9);;<2>
900;364;(14,6);;<2>
900;367;(12,7);outputNeighborhood;<1>
900;367;(12,7);;<1>
900;368;(13,4);outputNeighborhood;<1>
900;368;(13,4);;<1>
900;369;(13,6);outputNeighborhood;<1>
900;369;(13,6);;<1>
900;371;(10,17);outputNeighborhood;<2>
900;371;(10,17);;<2>
900;373;(10,18);;<2>
900;377;(17,7);;<1>
900;379;(8,15);outputNeighborhood;<2>
900;379;(8,15);;<2>
900;380;(10,2);;<2>
900;382;(10,4);;<2>
900;383;(10,1);outputNeighborhood;<1>
900;383;(10,1);;<1>
900;384;(4,0);;<2>
900;385;(11,8);outputNeighborhood;<1>
900;385;(11,8);;<1>
900;386;(10,11);outputNeighborhood;<2>
900;386;(10,11);;<2>
900;387;(10,6);;<2>
900;388;(11,1);;<1>
900;389;(15,5);;<1>
900;391;(6,0);;<2>
900;393;(9,15);;<2>
900;398;(1,2);outputNeighborhood;<2>
900;398;(1,2);;<2>
1000;7;(2,13);;<1>
1000;8;(2,1);;<2>
1000;9;(1,8);;<2>
1000;16;(3,13);outputNeighborhood;<1>
1000;16;(3,13);;<1>
1000;19;(5,16);;<1>
1000;22;(16,5);;<1>
1000;25;(1,9);outputNeighborhood;<2>
1000;25;(1,9);;<2>
1000;26;(19,9);outputNeighborhood;<1>
1000;26;(19,9);;<1>
1000;30;(0,1);;<2>
1000;33;(19,18);;<2>
1000;34;(19,16);;<2>
1000;36;(19,12);;<2>
1000;37;(19,17);outputNeighborhood;<2>
1000;37;(19,17);;<2>
1000;38;(19,11);outputNeighborhood;<2>
1000;38;(19,11);;<2>
1000;40;(2,12);outputNeighborhood;<1>
1000;40;(2,12);;<1>
1000;41;(18,8);outputNeighborhood;<1>
1000;41;(18,8);;<1>
1000;42;(11,0);;<1>
1000;48;(18,19);;<2>
1000;49;(7,13);outputNeighborhood;<2>
1000;49;(7,13);;<2>
1000;50;(19,10);;<2>
1000;53;(4,14);outputNeighborhood;<1>
1000;53;(4,14);;<1>
1000;55;(17,19);outputNeighborhood;<2>
1000;55;(17,19);;<2>
1000;56;(10,0);outputNeighborhood;<1>
1000;56;(10,0);;<1>
1000;57;(14,3);;<1>
1000;58;(1,0);;<2>
1000;60;(8,19);;<1>
1000;61;(17,8);;<2>
1000;63;(9,11);outputNeighborhood;<2>
1000;63;(9,11);;<2>
1000;65;(17,6);;<1>
1000;71;(17,18);;<2>
1000;73;(7,12);;<2>
1000;81;(17,10);;<2>
1000;82;(9,16);;<2>
1000;83;(16,9);;<2>
1000;84;(8,11);;<2>
1000;85;(16,8);outputNeighborhood;<2>
1000;85;(16,8);;<2>
1000;86;(16,7);;<2>
1000;87;(18,18);outputNeighborhood;<2>
1000;87;(18,18);;<2>
1000;89;(16,6);outputNeighborhood;<1>
1000;89;(16,6);;<1>
1000;92;(8,13);;<2>
1000;105;(15,8);;<2>
1000;107;(15,7);outputNeighborhood;<2>
1000;107;(15,7);;<2>
1000;108;(18,10);outputNeighborhood;<2>
1000;108;(18,10);;<2>
1000;109;(4,15);;<1>
1000;110;(15,6);;<2>
1000;111;(11,18);;<2>
1000;117;(18,7);;<1>
1000;119;(11,6);;<2>
1000;120;(19,19);outputNeighborhood;<1>
1000;120;(19,19);;<1>
1000;121;(1,11);outputNeighborhood;<1>
1000;121;(1,11);;<1>
1000;122;(0,8);outputNeighborhood;<2>
1000;122;(0,8);;<2>
1000;124;(0,0);outputNeighborhood;<1>
1000;124;(0,0);;<1>
1000;126;(12,2);outputNeighborhood;<1>
1000;126;(12,2);;<1>
1000;127;(7,0);;<2>
1000;128;(11,2);;<2>
1000;129;(1,10);;<2>
1000;136;(7,14);;<2>
1000;139;(12,4);outputNeighborhood;<2>
1000;139;(12,4);;<2>
1000;148;(13,5);outputNeighborhood;<2>
1000;148;(13,5);;<2>
1000;149;(14,4);outputNeighborhood;<1>
1000;149;(14,4);;<1>
1000;151;(13,8);;<2>
1000;152;(13,3);outputNeighborhood;<1>
1000;152;(13,3);;<1>
1000;153;(18,11);;<2>
1000;154;(13,7);outputNeighborhood;<2>
1000;154;(13,7);;<2>
1000;155;(12,1);;<1>
1000;156;(6,14);outputNeighborhood;<2>
1000;156;(6,14);;<2>
1000;158;(2,0);outputNeighborhood;<2>
1000;158;(2,0);;<2>
1000;160;(0,9);;<2>
1000;161;(9,8);;<2>
1000;164;(14,5);;<2>
1000;166;(10,10);outputNeighborhood;<2>
1000;166;(10,10);;<2>
1000;170;(6,13);;<2>
1000;175;(3,11);outputNeighborhood;<2>
1000;175;(3,11);;<2>
1000;176;(3,14);;<1>
1000;180;(5,15);outputNeighborhood;<1>
1000;180;(5,15);;<1>
1000;184;(9,10);;<2>
1000;187;(4,13);;<2>
1000;190;(10,3);;<2>
1000;192;(6,17);;<1>
1000;194;(19,8);;<1>
1000;195;(4,11);;<2>
1000;199;(7,10);;<2>
1000;200;(0,2);outputNeighborhood;<2>
1000;200;(0,2);;<2>
1000;203;(3,10);;<2>
1000;206;(8,0);outputNeighborhood;<2>
1000;206;(8,0);;<2>
1000;207;(7,11);outputNeighborhood;<2>
1000;207;(7,11);;<2>
1000;208;(8,10);outputNeighborhood;<2>
1000;208;(8,10);;<2>
1000;210;(8,18);outputNeighborhood;<1>
1000;210;(8,18);;<1>
1000;212;(4,12);outputNeighborhood;<2>
1000;212;(4,12);;<2>
1000;213;(5,13);outputNeighborhood;<2>
1000;213;(5,13);;<2>
1000;214;(6,15);;<2>
1000;218;(3,0);;<2>
1000;219;(8,9);;<2>
1000;220;(5,14);;<2>
1000;222;(12,9);;<2>
1000;224;(8,16);outputNeighborhood;<2>
1000;224;(8,16);;<2>
1000;226;(9,9);outputNeighborhood;<2>
1000;226;(9,9);;<2>
1000;227;(8,12);outputNeighborhood;<2>
1000;227;(8,12);;<2>
1000;228;(2,9);;<2>
1000;230;(18,9);;<2>
1000;231;(7,15);outputNeighborhood;<2>
1000;231;(7,15);;<2>
1000;232;(7,18);;<1>
1000;236;(9,19);outputNeighborhood;<1>
1000;236;(9,19);;<1>
1000;239;(8,1);;<2>
1000;240;(9,17);outputNeighborhood;<2>
1000;240;(9,17);;<2>
1000;241;(11,3);outputNeighborhood;<2>
1000;241;(11,3);;<2>
1000;243;(9,1);outputNeighborhood;<2>
1000;243;(9,1);;<2>
1000;247;(7,17);outputNeighborhood;<1>
1000;247;(7,17);;<1>
1000;249;(9,12);;<2>
1000;252;(6,11);;<2>
1000;255;(9,2);;<2>
1000;256;(3,12);;<2>
1000;273;(6,16);outputNeighborhood;<1>
1000;273;(6,16);;<1>
1000;275;(12,8);outputNeighborhood;<2>
1000;275;(12,8);;<2>
1000;284;(12,6);outputNeighborhood;<2>
1000;284;(12,6);;<2>
1000;285;(12,19);;<2>
1000;287;(10,9);;<2>
1000;295;(2,10);outputNeighborhood;<2>
1000;295;(2,10);;<2>
1000;298;(14,7);;<2>
1000;302;(8,17);;<2>
1000;304;(10,19);;<2>
1000;306;(0,10);outputNeighborhood;<1>
1000;306;(0,10);;<1>
1000;307;(11,19);outputNeighborhood;<2>
1000;307;(11,19);;<2>
1000;309;(10,8);outputNeighborhood;<2>
1000;309;(10,8);;<2>
1000;310;(5,12);;<2>
1000;313;(1,12);;<1>
1000;315;(11,9);outputNeighborhood;<2>
1000;315;(11,9);;<2>
1000;318;(12,3);;<2>
1000;319;(9,18);;<2>
1000;323;(12,5);;<2>
1000;324;(18,17);;<2>
1000;325;(7,16);;<2>
1000;334;(11,4);;<2>
1000;335;(0,3);;<2>
1000;338;(11,7);outputNeighborhood;<2>
1000;338;(11,7);;<2>
1000;339;(1,1);outputNeighborhood;<2>
1000;339;(1,1);;<2>
1000;342;(0,7);;<2>
1000;343;(9,0);;<2>
1000;344;(0,11);;<1>
1000;348;(10,7);;<2>
1000;350;(6,12);outputNeighborhood;<2>
1000;350;(6,12);;<2>
1000;352;(13,2);;<1>
1000;353;(2,11);;<2>
1000;359;(16,19);;<2>
1000;361;(11,10);;<2>
1000;362;(17,9);outputNeighborhood;<2>
1000;362;(17,9);;<2>
1000;364;(14,6);outputNeighborhood;<2>
1000;364;(14,6);;<2>
1000;367;(12,7);;<2>
1000;368;(13,4);;<2>
1000;369;(13,6);;<2>
1000;370;(15,4);;<1>
1000;371;(10,17);;<2>
1000;373;(10,18);outputNeighborhood;<2>
1000;373;(10,18);;<2>
1000;377;(17,7);outputNeighborhood;<1>
1000;377;(17,7);;<1>
1000;379;(8,15);;<2>
1000;380;(10,2);outputNeighborhood;<2>
1000;380;(10,2);;<2>
1000;383;(10,1);;<2>
1000;385;(11,8);;<2>
1000;386;(10,11);;<2>
1000;388;(11,1);outputNeighborhood;<1>
1000;388;(11,1);;<1>
1000;389;(15,5);outputNeighborhood;<1>
1000;389;(15,5);;<1>
1000;398;(1,2);;<2>
1100;4;(12,0);;<1>
1100;7;(2,13);outputNeighborhood;<1>
1100;7;(2,13);;<1>
1100;16;(3,13);;<2>
1100;19;(5,16);outputNeighborhood;<1>
1100;19;(5,16);;<1>
1100;22;(16,5);outputNeighborhood;<1>
1100;22;(16,5);;<1>
1100;24;(1,13);;<1>
1100;25;(1,9);;<2>
1100;26;(19,9);;<2>
1100;29;(19,7);;<1>
1100;30;(0,1);outputNeighborhood;<2>
1100;30;(0,1);;<2>
1100;33;(19,18);outputNeighborhood;<2>
1100;33;(19,18);;<2>
1100;37;(19,17);;<2>
1100;38;(19,11);;<2>
1100;40;(2,12);;<2>
1100;41;(18,8);;<2>
1100;42;(11,0);outputNeighborhood;<1>
1100;42;(11,0);;<1>
1100;43;(18,6);;<1>
1100;48;(18,19);outputNeighborhood;<2>
1100;48;(18,19);;<2>
1100;49;(7,13);;<2>
1100;50;(19,10);outputNeighborhood;<2>
1100;50;(19,10);;<2>
1100;53;(4,14);;<2>
1100;55;(17,19);;<2>
1100;56;(10,0);;<2>
1100;57;(14,3);outputNeighborhood;<1>
1100;57;(14,3);;<1>
1100;58;(1,0);outputNeighborhood;<2>
1100;58;(1,0);;<2>
1100;60;(8,19);outputNeighborhood;<1>
1100;60;(8,19);;<1>
1100;61;(17,8);outputNeighborhood;<2>
1100;61;(17,8);;<2>
1100;63;(9,11);;<2>
1100;64;(17,5);;<1>
1100;65;(17,6);outputNeighborhood;<1>
1100;65;(17,6);;<1>
1100;73;(7,12);outputNeighborhood;<2>
1100;73;(7,12);;<2>
1100;84;(8,11);outputNeighborhood;<2>
1100;84;(8,11);;<2>
1100;85;(16,8);;<2>
1100;86;(16,7);outputNeighborhood;<2>
1100;86;(16,7);;<2>
1100;87;(18,18);;<2>
1100;89;(16,6);;<2>
1100;90;(16,4);;<1>
1100;98;(2,14);;<1>
1100;106;(15,3);;<1>
1100;107;(15,7);;<2>
1100;108;(18,10);;<2>
1100;109;(4,15);outputNeighborhood;<1>
1100;109;(4,15);;<1>
1100;110;(15,6);outputNeighborhood;<2>
1100;110;(15,6);;<2>
1100;115;(14,2);;<1>
1100;117;(18,7);outputNeighborhood;<1>
1100;117;(18,7);;<1>
1100;120;(19,19);;<2>
1100;121;(1,11);;<2>
1100;122;(0,8);;<2>
1100;124;(0,0);;<2>
1100;126;(12,2);;<2>
1100;128;(11,2);outputNeighborhood;<2>
1100;128;(11,2);;<2>
1100;129;(1,10);outputNeighborhood;<2>
1100;129;(1,10);;<2>
1100;139;(12,4);;<2>
1100;148;(13,5);;<2>
1100;149;(14,4);;<2>
1100;152;(13,3);;<2>
1100;154;(13,7);;<2>
1100;155;(12,1);outputNeighborhood;<1>
1100;155;(12,1);;<1>
1100;156;(6,14);;<2>
1100;158;(2,0);;<2>
1100;160;(0,9);outputNeighborhood;<2>
1100;160;(0,9);;<2>
1100;164;(14,5);outputNeighborhood;<2>
1100;164;(14,5);;<2>
1100;170;(6,13);outputNeighborhood;<2>
1100;170;(6,13);;<2>
1100;173;(4,16);;<1>
1100;175;(3,11);;<2>
1100;176;(3,14);outputNeighborhood;<1>
1100;176;(3,14);;<1>
1100;180;(5,15);;<2>
1100;184;(9,10);outputNeighborhood;<2>
1100;184;(9,10);;<2>
1100;187;(4,13);outputNeighborhood;<2>
1100;187;(4,13);;<2>
1100;192;(6,17);outputNeighborhood;<1>
1100;192;(6,17);;<1>
1100;194;(19,8);outputNeighborhood;<1>
1100;194;(19,8);;<1>
1100;200;(0,2);;<2>
1100;206;(8,0);;<2>
1100;207;(7,11);;<2>
1100;208;(8,10);;<2>
1100;210;(8,18);;<2>
1100;212;(4,12);;<2>
1100;213;(5,13);;<2>
1100;214;(6,15);outputNeighborhood;<2>
1100;214;(6,15);;<2>
1100;220;(5,14);outputNeighborhood;<2>
1100;220;(5,14);;<2>
1100;224;(8,16);;<2>
1100;227;(8,12);;<2>
1100;230;(18,9);outputNeighborhood;<2>
1100;230;(18,9);;<2>
1100;231;(7,15);;<2>
1100;232;(7,18);outputNeighborhood;<1>
1100;232;(7,18);;<1>
1100;236;(9,19);;<2>
1100;240;(9,17);;<2>
1100;241;(11,3);;<2>
1100;243;(9,1);;<2>
1100;247;(7,17);;<2>
1100;254;(5,17);;<1>
1100;256;(3,12);outputNeighborhood;<2>
1100;256;(3,12);;<2>
1100;266;(6,18);;<1>
1100;273;(6,16);;<2>
1100;275;(12,8);;<2>
1100;283;(7,19);;<1>
1100;284;(12,6);;<2>
1100;287;(10,9);outputNeighborhood;<2>
1100;287;(10,9);;<2>
1100;295;(2,10);;<2>
1100;302;(8,17);outputNeighborhood;<2>
1100;302;(8,17);;<2>
1100;304;(10,19);outputNeighborhood;<2>
1100;304;(10,19);;<2>
1100;306;(0,10);;<2>
1100;307;(11,19);;<2>
1100;309;(10,8);;<2>
1100;313;(1,12);outputNeighborhood;<1>
1100;313;(1,12);;<1>
1100;315;(11,9);;<2>
1100;318;(12,3);outputNeighborhood;<2>
1100;318;(12,3);;<2>
1100;319;(9,18);outputNeighborhood;<2>
1100;319;(9,18);;<2>
1100;325;(7,16);outputNeighborhood;<2>
1100;325;(7,16);;<2>
1100;327;(0,12);;<1>
1100;338;(11,7);;<2>
1100;339;(1,1);;<2>
1100;341;(13,1);;<1>
1100;343;(9,0);outputNeighborhood;<2>
1100;343;(9,0);;<2>
1100;344;(0,11);outputNeighborhood;<1>
1100;344;(0,11);;<1>
1100;345;(3,15);;<1>
1100;350;(6,12);;<2>
1100;352;(13,2);outputNeighborhood;<1>
1100;352;(13,2);;<1>
1100;353;(2,11);outputNeighborhood;<2>
1100;353;(2,11);;<2>
1100;362;(17,9);;<2>
1100;364;(14,6);;<2>
1100;367;(12,7);outputNeighborhood;<2>
1100;367;(12,7);;<2>
1100;368;(13,4);outputNeighborhood;<2>
1100;368;(13,4);;<2>
1100;369;(13,6);outputNeighborhood;<2>
1100;369;(13,6);;<2>
1100;370;(15,4);outputNeighborhood;<1>
1100;370;(15,4);;<1>
1100;373;(10,18);;<2>
1100;377;(17,7);;<2>
1100;380;(10,2);;<2>
1100;383;(10,1);outputNeighborhood;<2>
1100;383;(10,1);;<2>
1100;385;(11,8);outputNeighborhood;<2>
1100;385;(11,8);;<2>
1100;388;(11,1);;<2>
1100;389;(15,5);;<2>
1200;4;(12,0);outputNeighborhood;<1>
1200;4;(12,0);;<1>
1200;6;(2,15);;<1>
1200;7;(2,13);;<2>
1200;16;(3,13);outputNeighborhood;<2>
1200;16;(3,13);;<2>
1200;19;(5,16);;<2>
1200;22;(16,5);;<2>
1200;23;(1,14);;<1>
1200;24;(1,13);outputNeighborhood;<1>
1200;24;(1,13);;<1>
1200;26;(19,9);outputNeighborhood;<2>
1200;26;(19,9);;<2>
1200;29;(19,7);outputNeighborhood;<1>
1200;29;(19,7);;<1>
1200;30;(0,1);;<2>
1200;33;(19,18);;<2>
1200;40;(2,12);outputNeighborhood;<2>
1200;40;(2,12);;<2>
1200;41;(18,8);outputNeighborhood;<2>
1200;41;(18,8);;<2>
1200;42;(11,0);;<2>
1200;43;(18,6);outputNeighborhood;<1>
1200;43;(18,6);;<1>
1200;48;(18,19);;<2>
1200;52;(16,3);;<1>
1200;53;(4,14);outputNeighborhood;<2>
1200;53;(4,14);;<2>
1200;56;(10,0);outputNeighborhood;<2>
1200;56;(10,0);;<2>
1200;57;(14,3);;<2>
1200;58;(1,0);;<2>
1200;60;(8,19);;<2>
1200;61;(17,8);;<2>
1200;62;(14,1);;<1>
1200;64;(17,5);outputNeighborhood;<1>
1200;64;(17,5);;<1>
1200;65;(17,6);;<2>
1200;67;(18,5);;<1>
1200;86;(16,7);;<2>
1200;89;(16,6);outputNeighborhood;<2>
1200;89;(16,6);;<2>
1200;90;(16,4);outputNeighborhood;<1>
1200;90;(16,4);;<1>
1200;98;(2,14);outputNeighborhood;<1>
1200;98;(2,14);;<1>
1200;106;(15,3);outputNeighborhood;<1>
1200;106;(15,3);;<1>
1200;109;(4,15);;<2>
1200;110;(15,6);;<2>
1200;113;(15,2);;<1>
1200;115;(14,2);outputNeighborhood;<1>
1200;115;(14,2);;<1>
1200;117;(18,7);;<2>
1200;120;(19,19);outputNeighborhood;<2>
1200;120;(19,19);;<2>
1200;121;(1,11);outputNeighborhood;<2>
1200;121;(1,11);;<2>
1200;124;(0,0);outputNeighborhood;<2>
1200;124;(0,0);;<2>
1200;126;(12,2);outputNeighborhood;<2>
1200;126;(12,2);;<2>
1200;128;(11,2);;<2>
1200;129;(1,10);;<2>
1200;135;(17,4);;<1>
1200;149;(14,4);outputNeighborhood;<2>
1200;149;(14,4);;<2>
1200;152;(13,3);outputNeighborhood;<2>
1200;152;(13,3);;<2>
1200;155;(12,1);;<2>
1200;164;(14,5);;<2>
1200;173;(4,16);outputNeighborhood;<1>
1200;173;(4,16);;<1>
1200;176;(3,14);;<2>
1200;177;(3,16);;<1>
1200;180;(5,15);outputNeighborhood;<2>
1200;180;(5,15);;<2>
1200;187;(4,13);;<2>
1200;188;(4,17);;<1>
1200;192;(6,17);;<2>
1200;194;(19,8);;<2>
1200;210;(8,18);outputNeighborhood;<2>
1200;210;(8,18);;<2>
1200;214;(6,15);;<2>
1200;220;(5,14);;<2>
1200;230;(18,9);;<2>
1200;232;(7,18);;<2>
1200;236;(9,19);outputNeighborhood;<2>
1200;236;(9,19);;<2>
1200;247;(7,17);outputNeighborhood;<2>
1200;247;(7,17);;<2>
1200;254;(5,17);outputNeighborhood;<1>
1200;254;(5,17);;<1>
1200;256;(3,12);;<2>
1200;266;(6,18);outputNeighborhood;<1>
1200;266;(6,18);;<1>
1200;272;(6,19);;<1>
1200;273;(6,16);outputNeighborhood;<2>
1200;273;(6,16);;<2>
1200;280;(5,18);;<1>
1200;283;(7,19);outputNeighborhood;<1>
1200;283;(7,19);;<1>
1200;297;(13,0);;<1>
1200;302;(8,17);;<2>
1200;306;(0,10);outputNeighborhood;<2>
1200;306;(0,10);;<2>
1200;313;(1,12);;<2>
1200;318;(12,3);;<2>
1200;319;(9,18);;<2>
1200;325;(7,16);;<2>
1200;327;(0,12);outputNeighborhood;<1>
1200;327;(0,12);;<1>
1200;337;(19,6);;<1>
1200;341;(13,1);outputNeighborhood;<1>
1200;341;(13,1);;<1>
1200;344;(0,11);;<2>
1200;345;(3,15);outputNeighborhood;<1>
1200;345;(3,15);;<1>
1200;352;(13,2);;<2>
1200;353;(2,11);;<2>
1200;363;(0,13);;<1>
1200;368;(13,4);;<2>
1200;370;(15,4);;<2>
1200;377;(17,7);outputNeighborhood;<2>
1200;377;(17,7);;<2>
1200;383;(10,1);;<2>
1200;388;(11,1);outputNeighborhood;<2>
1200;388;(11,1);;<2>
1200;389;(15,5);outputNeighborhood;<2>
1200;389;(15,5);;<2>
1300;4;(12,0);;<2>
1300;6;(2,15);outputNeighborhood;<1>
1300;6;(2,15);;<1>
1300;7;(2,13);outputNeighborhood;<2>
1300;7;(2,13);;<2>
1300;16;(3,13);;<2>
1300;17;(1,15);;<1>
1300;19;(5,16);outputNeighborhood;<2>
1300;19;(5,16);;<2>
1300;22;(16,5);outputNeighborhood;<2>
1300;22;(16,5);;<2>
1300;23;(1,14);outputNeighborhood;<1>
1300;23;(1,14);;<1>
1300;24;(1,13);;<2>
1300;26;(19,9);;<2>
1300;29;(19,7);;<2>
1300;40;(2,12);;<2>
1300;41;(18,8);;<2>
1300;42;(11,0);outputNeighborhood;<2>
1300;42;(11,0);;<2>
1300;43;(18,6);;<2>
1300;47;(2,16);;<1>
1300;52;(16,3);outputNeighborhood;<1>
1300;52;(16,3);;<1>
1300;53;(4,14);;<2>
1300;56;(10,0);;<2>
1300;57;(14,3);outputNeighborhood;<2>
1300;57;(14,3);;<2>
1300;60;(8,19);outputNeighborhood;<2>
1300;60;(8,19);;<2>
1300;62;(14,1);outputNeighborhood;<1>
1300;62;(14,1);;<1>
1300;64;(17,5);;<2>
1300;65;(17,6);outputNeighborhood;<2>
1300;65;(17,6);;<2>
1300;66;(17,3);;<1>
1300;67;(18,5);outputNeighborhood;<1>
1300;67;(18,5);;<1>
1300;69;(15,1);;<1>
1300;89;(16,6);;<2>
1300;90;(16,4);;<2>
1300;98;(2,14);;<2>
1300;106;(15,3);;<2>
1300;109;(4,15);outputNeighborhood;<2>
1300;109;(4,15);;<2>
1300;113;(15,2);outputNeighborhood;<1>
1300;113;(15,2);;<1>
1300;115;(14,2);;<2>
1300;117;(18,7);outputNeighborhood;<2>
1300;117;(18,7);;<2>
1300;121;(1,11);;<2>
1300;126;(12,2);;<2>
1300;135;(17,4);outputNeighborhood;<1>
1300;135;(17,4);;<1>
1300;145;(3,17);;<1>
1300;149;(14,4);;<2>
1300;152;(13,3);;<2>
1300;155;(12,1);outputNeighborhood;<2>
1300;155;(12,1);;<2>
1300;167;(16,2);;<1>
1300;173;(4,16);;<2>
1300;176;(3,14);outputNeighborhood;<2>
1300;176;(3,14);;<2>
1300;177;(3,16);outputNeighborhood;<1>
1300;177;(3,16);;<1>
1300;180;(5,15);;<2>
1300;188;(4,17);outputNeighborhood;<1>
1300;188;(4,17);;<1>
1300;189;(4,18);;<1>
1300;192;(6,17);outputNeighborhood;<2>
1300;192;(6,17);;<2>
1300;194;(19,8);outputNeighborhood;<2>
1300;194;(19,8);;<2>
1300;210;(8,18);;<2>
1300;232;(7,18);outputNeighborhood;<2>
1300;232;(7,18);;<2>
1300;236;(9,19);;<2>
1300;242;(14,0);;<1>
1300;247;(7,17);;<2>
1300;254;(5,17);;<2>
1300;266;(6,18);;<2>
1300;272;(6,19);outputNeighborhood;<1>
1300;272;(6,19);;<1>
1300;273;(6,16);;<2>
1300;278;(5,19);;<1>
1300;280;(5,18);outputNeighborhood;<1>
1300;280;(5,18);;<1>
1300;283;(7,19);;<2>
1300;297;(13,0);outputNeighborhood;<1>
1300;297;(13,0);;<1>
1300;306;(0,10);;<2>
1300;313;(1,12);outputNeighborhood;<2>
1300;313;(1,12);;<2>
1300;327;(0,12);;<2>
1300;337;(19,6);outputNeighborhood;<1>
1300;337;(19,6);;<1>
1300;341;(13,1);;<2>
1300;344;(0,11);outputNeighborhood;<2>
1300;344;(0,11);;<2>
1300;345;(3,15);;<2>
1300;352;(13,2);outputNeighborhood;<2>
1300;352;(13,2);;<2>
1300;363;(0,13);outputNeighborhood;<1>
1300;363;(0,13);;<1>
1300;366;(0,14);;<1>
1300;370;(15,4);outputNeighborhood;<2>
1300;370;(15,4);;<2>
1300;377;(17,7);;<2>
1300;388;(11,1);;<2>
1300;389;(15,5);;<2>
1300;390;(19,5);;<1>
1300;396;(18,4);;<1>
1400;4;(12,0);outputNeighborhood;<2>
1400;4;(12,0);;<2>
1400;5;(2,17);;<1>
1400;6;(2,15);;<2>
1400;7;(2,13);;<2>
1400;15;(1,16);;<1>
1400;17;(1,15);outputNeighborhood;<1>
1400;17;(1,15);;<1>
1400;19;(5,16);;<2>
1400;22;(16,5);;<2>
1400;23;(1,14);;<2>
1400;24;(1,13);outputNeighborhood;<2>
1400;24;(1,13);;<2>
1400;29;(19,7);outputNeighborhood;<2>
1400;29;(19,7);;<2>
1400;35;(19,4);;<1>
1400;42;(11,0);;<2>
1400;43;(18,6);outputNeighborhood;<2>
1400;43;(18,6);;<2>
1400;45;(0,15);;<1>
1400;47;(2,16);outputNeighborhood;<1>
1400;47;(2,16);;<1>
1400;52;(16,3);;<2>
1400;57;(14,3);;<2>
1400;60;(8,19);;<2>
1400;62;(14,1);;<2>
1400;64;(17,5);outputNeighborhood;<2>
1400;64;(17,5);;<2>
1400;65;(17,6);;<2>
1400;66;(17,3);outputNeighborhood;<1>
1400;66;(17,3);;<1>
1400;67;(18,5);;<2>
1400;68;(17,2);;<1>
1400;69;(15,1);outputNeighborhood;<1>
1400;69;(15,1);;<1>
1400;90;(16,4);outputNeighborhood;<2>
1400;90;(16,4);;<2>
1400;98;(2,14);outputNeighborhood;<2>
1400;98;(2,14);;<2>
1400;100;(16,1);;<1>
1400;106;(15,3);outputNeighborhood;<2>
1400;106;(15,3);;<2>
1400;109;(4,15);;<2>
1400;113;(15,2);;<2>
1400;115;(14,2);outputNeighborhood;<2>
1400;115;(14,2);;<2>
1400;117;(18,7);;<2>
1400;130;(18,3);;<1>
1400;135;(17,4);;<2>
1400;145;(3,17);outputNeighborhood;<1>
1400;145;(3,17);;<1>
1400;155;(12,1);;<2>
1400;167;(16,2);outputNeighborhood;<1>
1400;167;(16,2);;<1>
1400;173;(4,16);outputNeighborhood;<2>
1400;173;(4,16);;<2>
1400;176;(3,14);;<2>
1400;177;(3,16);;<2>
1400;179;(3,18);;<1>
1400;185;(15,0);;<1>
1400;188;(4,17);;<2>
1400;189;(4,18);outputNeighborhood;<1>
1400;189;(4,18);;<1>
1400;192;(6,17);;<2>
1400;194;(19,8);;<2>
1400;232;(7,18);;<2>
1400;242;(14,0);outputNeighborhood;<1>
1400;242;(14,0);;<1>
1400;254;(5,17);outputNeighborhood;<2>
1400;254;(5,17);;<2>
1400;266;(6,18);outputNeighborhood;<2>
1400;266;(6,18);;<2>
1400;272;(6,19);;<2>
1400;278;(5,19);outputNeighborhood;<1>
1400;278;(5,19);;<1>
1400;280;(5,18);;<2>
1400;282;(4,19);;<1>
1400;283;(7,19);outputNeighborhood;<2>
1400;283;(7,19);;<2>
1400;297;(13,0);;<2>
1400;313;(1,12);;<2>
1400;327;(0,12);outputNeighborhood;<2>
1400;327;(0,12);;<2>
1400;337;(19,6);;<2>
1400;341;(13,1);outputNeighborhood;<2>
1400;341;(13,1);;<2>
1400;344;(0,11);;<2>
1400;345;(3,15);outputNeighborhood;<2>
1400;345;(3,15);;<2>
1400;352;(13,2);;<2>
1400;363;(0,13);;<2>
1400;366;(0,14);outputNeighborhood;<1>
1400;366;(0,14);;<1>
1400;370;(15,4);;<2>
1400;390;(19,5);outputNeighborhood;<1>
1400;390;(19,5);;<1>
1400;396;(18,4);outputNeighborhood;<1>
1400;396;(18,4);;<1>
1400;1;(2,3);;<2>
1400;2;(18,13);;<2>
1400;3;(2,2);;<2>
1400;4;(12,0);;<2>
1400;5;(2,17);;<1>
1400;6;(2,15);;<2>
1400;7;(2,13);;<2>
1400;8;(2,1);;<2>
1400;9;(1,8);;<2>
1400;10;(1,7);;<2>
1400;11;(13,13);;<2>
1400;12;(5,10);;<2>
1400;13;(1,6);;<2>
1400;14;(1,4);;<2>
1400;15;(1,16);;<1>
1400;16;(3,13);;<2>
1400;17;(1,15);;<1>
1400;18;(3,19);;<0>
1400;19;(5,16);;<2>
1400;20;(2,5);;<2>
1400;21;(19,15);;<2>
1400;22;(16,5);;<2>
1400;23;(1,14);;<2>
1400;24;(1,13);;<2>
1400;25;(1,9);;<2>
1400;26;(19,9);;<2>
1400;27;(0,6);;<2>
1400;28;(7,9);;<2>
1400;29;(19,7);;<2>
1400;30;(0,1);;<2>
1400;31;(4,10);;<2>
1400;32;(19,2);;<0>
1400;33;(19,18);;<2>
1400;34;(19,16);;<2>
1400;35;(19,4);;<1>
1400;36;(19,12);;<2>
1400;37;(19,17);;<2>
1400;38;(19,11);;<2>
1400;39;(19,0);;<0>
1400;40;(2,12);;<2>
1400;41;(18,8);;<2>
1400;42;(11,0);;<2>
1400;43;(18,6);;<2>
1400;44;(11,16);;<2>
1400;45;(0,15);;<1>
1400;46;(5,1);;<2>
1400;47;(2,16);;<1>
1400;48;(18,19);;<2>
1400;49;(7,13);;<2>
1400;50;(19,10);;<2>
1400;51;(18,16);;<2>
1400;52;(16,3);;<2>
1400;53;(4,14);;<2>
1400;54;(18,12);;<2>
1400;55;(17,19);;<2>
1400;56;(10,0);;<2>
1400;57;(14,3);;<2>
1400;58;(1,0);;<2>
1400;59;(18,0);;<0>
1400;60;(8,19);;<2>
1400;61;(17,8);;<2>
1400;62;(14,1);;<2>
1400;63;(9,11);;<2>
1400;64;(17,5);;<2>
1400;65;(17,6);;<2>
1400;66;(17,3);;<1>
1400;67;(18,5);;<2>
1400;68;(17,2);;<1>
1400;69;(15,1);;<1>
1400;70;(4,8);;<2>
1400;71;(17,18);;<2>
1400;72;(4,6);;<2>
1400;73;(7,12);;<2>
1400;74;(17,17);;<2>
1400;75;(17,16);;<2>
1400;76;(1,19);;<0>
1400;77;(19,13);;<2>
1400;78;(17,15);;<2>
1400;79;(17,13);;<2>
1400;80;(3,7);;<2>
1400;81;(17,10);;<2>
1400;82;(9,16);;<2>
1400;83;(16,9);;<2>
1400;84;(8,11);;<2>
1400;85;(16,8);;<2>
1400;86;(16,7);;<2>
1400;87;(18,18);;<2>
1400;88;(6,8);;<2>
1400;89;(16,6);;<2>
1400;90;(16,4);;<2>
1400;91;(3,8);;<2>
1400;92;(8,13);;<2>
1400;93;(16,18);;<2>
1400;94;(16,17);;<2>
1400;95;(11,17);;<2>
1400;96;(16,14);;<2>
1400;97;(16,10);;<2>
1400;98;(2,14);;<2>
1400;99;(16,13);;<2>
1400;100;(16,1);;<1>
1400;101;(6,5);;<2>
1400;102;(16,0);;<0>
1400;103;(6,3);;<2>
1400;104;(15,9);;<2>
1400;105;(15,8);;<2>
1400;106;(15,3);;<2>
1400;107;(15,7);;<2>
1400;108;(18,10);;<2>
1400;109;(4,15);;<2>
1400;110;(15,6);;<2>
1400;111;(11,18);;<2>
1400;112;(18,1);;<0>
1400;113;(15,2);;<2>
1400;114;(15,19);;<2>
1400;115;(14,2);;<2>
1400;116;(15,16);;<2>
1400;117;(18,7);;<2>
1400;118;(15,14);;<2>
1400;119;(11,6);;<2>
1400;120;(19,19);;<2>
1400;121;(1,11);;<2>
1400;122;(0,8);;<2>
1400;123;(14,16);;<2>
1400;124;(0,0);;<2>
1400;125;(1,17);;<0>
1400;126;(12,2);;<2>
1400;127;(7,0);;<2>
1400;128;(11,2);;<2>
1400;129;(1,10);;<2>
1400;130;(18,3);;<1>
1400;131;(11,14);;<2>
1400;132;(11,5);;<2>
1400;133;(15,12);;<2>
1400;134;(0,16);;<0>
1400;135;(17,4);;<2>
1400;136;(7,14);;<2>
1400;137;(16,16);;<2>
1400;138;(11,11);;<2>
1400;139;(12,4);;<2>
1400;140;(12,17);;<2>
1400;141;(17,14);;<2>
1400;142;(13,14);;<2>
1400;143;(13,9);;<2>
1400;144;(14,11);;<2>
1400;145;(3,17);;<1>
1400;146;(13,11);;<2>
1400;147;(13,16);;<2>
1400;148;(13,5);;<2>
1400;149;(14,4);;<2>
1400;150;(17,0);;<0>
1400;151;(13,8);;<2>
1400;152;(13,3);;<2>
1400;153;(18,11);;<2>
1400;154;(13,7);;<2>
1400;155;(12,1);;<2>
1400;156;(6,14);;<2>
1400;157;(14,15);;<2>
1400;158;(2,0);;<2>
1400;159;(4,7);;<2>
1400;160;(0,9);;<2>
1400;161;(9,8);;<2>
1400;162;(14,18);;<2>
1400;163;(14,19);;<2>
1400;164;(14,5);;<2>
1400;165;(4,4);;<2>
1400;166;(10,10);;<2>
1400;167;(16,2);;<1>
1400;168;(9,5);;<2>
1400;169;(10,13);;<2>
1400;170;(6,13);;<2>
1400;171;(2,6);;<2>
1400;172;(14,9);;<2>
1400;173;(4,16);;<2>
1400;174;(15,10);;<2>
1400;175;(3,11);;<2>
1400;176;(3,14);;<2>
1400;177;(3,16);;<2>
1400;178;(0,19);;<0>
1400;179;(3,18);;<1>
1400;180;(5,15);;<2>
1400;181;(3,3);;<2>
1400;182;(19,1);;<0>
1400;183;(3,4);;<2>
1400;184;(9,10);;<2>
1400;185;(15,0);;<1>
1400;186;(2,7);;<2>
1400;187;(4,13);;<2>
1400;188;(4,17);;<2>
1400;189;(4,18);;<1>
1400;190;(10,3);;<2>
1400;191;(8,6);;<2>
1400;192;(6,17);;<2>
1400;193;(7,2);;<2>
1400;194;(19,8);;<2>
1400;195;(4,11);;<2>
1400;196;(13,15);;<2>
1400;197;(18,14);;<2>
1400;198;(5,2);;<2>
1400;199;(7,10);;<2>
1400;200;(0,2);;<2>
1400;201;(5,7);;<2>
1400;202;(5,4);;<2>
1400;203;(3,10);;<2>
1400;204;(7,7);;<2>
1400;205;(7,4);;<2>
1400;206;(8,0);;<2>
1400;207;(7,11);;<2>
1400;208;(8,10);;<2>
1400;209;(8,14);;<2>
1400;210;(8,18);;<2>
1400;211;(8,8);;<2>
1400;212;(4,12);;<2>
1400;213;(5,13);;<2>
1400;214;(6,15);;<2>
1400;215;(5,8);;<2>
1400;216;(13,12);;<2>
1400;217;(9,3);;<2>
1400;218;(3,0);;<2>
1400;219;(8,9);;<2>
1400;220;(5,14);;<2>
1400;221;(5,5);;<2>
1400;222;(12,9);;<2>
1400;223;(17,12);;<2>
1400;224;(8,16);;<2>
1400;225;(18,2);;<0>
1400;226;(9,9);;<2>
1400;227;(8,12);;<2>
1400;228;(2,9);;<2>
1400;229;(16,11);;<2>
1400;230;(18,9);;<2>
1400;231;(7,15);;<2>
1400;232;(7,18);;<2>
1400;233;(6,4);;<2>
1400;234;(7,5);;<2>
1400;235;(9,6);;<2>
1400;236;(9,19);;<2>
1400;237;(7,8);;<2>
1400;238;(14,8);;<2>
1400;239;(8,1);;<2>
1400;240;(9,17);;<2>
1400;241;(11,3);;<2>
1400;242;(14,0);;<1>
1400;243;(9,1);;<2>
1400;244;(8,4);;<2>
1400;245;(6,6);;<2>
1400;246;(3,1);;<2>
1400;247;(7,17);;<2>
1400;248;(8,2);;<2>
1400;249;(9,12);;<2>
1400;250;(7,1);;<2>
1400;251;(15,15);;<2>
1400;252;(6,11);;<2>
1400;253;(7,3);;<2>
1400;254;(5,17);;<2>
1400;255;(9,2);;<2>
1400;256;(3,12);;<2>
1400;257;(6,7);;<2>
1400;258;(3,6);;<2>
1400;259;(6,10);;<2>
1400;260;(6,1);;<2>
1400;261;(4,2);;<2>
1400;262;(2,18);;<0>
1400;263;(5,11);;<2>
1400;264;(5,3);;<2>
1400;265;(8,3);;<2>
1400;266;(6,18);;<2>
1400;267;(5,9);;<2>
1400;268;(13,17);;<2>
1400;269;(3,2);;<2>
1400;270;(9,4);;<2>
1400;271;(11,13);;<2>
1400;272;(6,19);;<2>
1400;273;(6,16);;<2>
1400;274;(2,8);;<2>
1400;275;(12,8);;<2>
1400;276;(17,1);;<0>
1400;277;(4,3);;<2>
1400;278;(5,19);;<1>
1400;279;(3,5);;<2>
1400;280;(5,18);;<2>
1400;281;(10,12);;<2>
1400;282;(4,19);;<1>
1400;283;(7,19);;<2>
1400;284;(12,6);;<2>
1400;285;(12,19);;<2>
1400;286;(1,3);;<2>
1400;287;(10,9);;<2>
1400;288;(4,1);;<2>
1400;289;(15,17);;<2>
1400;290;(16,12);;<2>
1400;291;(5,0);;<2>
1400;292;(9,14);;<2>
1400;293;(15,18);;<2>
1400;294;(4,9);;<2>
1400;295;(2,10);;<2>
1400;296;(13,10);;<2>
1400;297;(13,0);;<2>
1400;298;(14,7);;<2>
1400;299;(0,5);;<2>
1400;300;(14,14);;<2>
1400;301;(9,7);;<2>
1400;302;(8,17);;<2>
1400;303;(12,18);;<2>
1400;304;(10,19);;<2>
1400;305;(16,15);;<2>
1400;306;(0,10);;<2>
1400;307;(11,19);;<2>
1400;308;(12,16);;<2>
1400;309;(10,8);;<2>
1400;310;(5,12);;<2>
1400;311;(12,10);;<2>
1400;312;(12,14);;<2>
1400;313;(1,12);;<2>
1400;314;(1,5);;<2>
1400;315;(11,9);;<2>
1400;316;(14,13);;<2>
1400;317;(7,6);;<2>
1400;318;(12,3);;<2>
1400;319;(9,18);;<2>
1400;320;(15,11);;<2>
1400;321;(18,15);;<2>
1400;322;(13,19);;<2>
1400;323;(12,5);;<2>
1400;324;(18,17);;<2>
1400;325;(7,16);;<2>
1400;326;(0,4);;<2>
1400;327;(0,12);;<2>
1400;328;(4,5);;<2>
1400;329;(17,11);;<2>
1400;330;(6,9);;<2>
1400;331;(2,4);;<2>
1400;332;(0,17);;<0>
1400;333;(0,18);;<0>
1400;334;(11,4);;<2>
1400;335;(0,3);;<2>
1400;336;(14,12);;<2>
1400;337;(19,6);;<2>
1400;338;(11,7);;<2>
1400;339;(1,1);;<2>
1400;340;(1,18);;<0>
1400;341;(13,1);;<2>
1400;342;(0,7);;<2>
1400;343;(9,0);;<2>
1400;344;(0,11);;<2>
1400;345;(3,15);;<2>
1400;346;(10,16);;<2>
1400;347;(8,7);;<2>
1400;348;(10,7);;<2>
1400;349;(9,13);;<2>
1400;350;(6,12);;<2>
1400;351;(14,17);;<2>
1400;352;(13,2);;<2>
1400;353;(2,11);;<2>
1400;354;(11,12);;<2>
1400;355;(3,9);;<2>
1400;356;(6,2);;<2>
1400;357;(5,6);;<2>
1400;358;(12,12);;<2>
1400;359;(16,19);;<2>
1400;360;(19,14);;<2>
1400;361;(11,10);;<2>
1400;362;(17,9);;<2>
1400;363;(0,13);;<2>
1400;364;(14,6);;<2>
1400;365;(12,15);;<2>
1400;366;(0,14);;<1>
1400;367;(12,7);;<2>
1400;368;(13,4);;<2>
1400;369;(13,6);;<2>
1400;370;(15,4);;<2>
1400;371;(10,17);;<2>
1400;372;(10,5);;<2>
1400;373;(10,18);;<2>
1400;374;(13,18);;<2>
1400;375;(15,13);;<2>
1400;376;(12,13);;<2>
1400;377;(17,7);;<2>
1400;378;(19,3);;<0>
1400;379;(8,15);;<2>
1400;380;(10,2);;<2>
1400;381;(10,15);;<2>
1400;382;(10,4);;<2>
1400;383;(10,1);;<2>
1400;384;(4,0);;<2>
1400;385;(11,8);;<2>
1400;386;(10,11);;<2>
1400;387;(10,6);;<2>
1400;388;(11,1);;<2>
1400;389;(15,5);;<2>
1400;390;(19,5);;<1>
1400;391;(6,0);;<2>
1400;392;(11,15);;<2>
1400;393;(9,15);;<2>
1400;394;(2,19);;<0>
1400;395;(12,11);;<2>
1400;396;(18,4);;<1>
1400;397;(10,14);;<2>
1400;398;(1,2);;<2>
1400;399;(8,5);;<2>
1400;400;(14,10);;<2>
